מקור,שאלה,תשובה 1,תשובה 2,תשובה 3,תשובה 4,תשובה 5,תשובה 6,תשובות נכונות,נושא,חשיבות לסדר,קישור לתמונה,הערות
שחזורים 2019 - מועד א',על מה ביסס דרווין את התיאורה שלו?,חקר מאובנים (פלאונטולוגיה),חקר מדעי כדור הארץ (גאולוגיה),על בסיס התיאורה של למרק,א+ב+ג,,,4,Evolution and Genomics,TRUE,,
שחזורים 2019 - מועד א',מה ההבדל בין דרווין למרק?,למרק דיבר על תכונות נרכשות,התיאורה של למרק אינו אבולוציה,התיאוריה של דרווין היא על אבולוציה של 7500 שנים בלבד.,א+ב,,,1,Evolution and Genomics,TRUE,,
שחזורים 2019 - מועד א',אילו מההיגדים הבאים מייצגים שינויים אבולוציוניים?,שחיקה של הר לאורך זמן,נפילתם של עלי השלכת,עמידות לאנטיביוטיקה בחיידקים,ב+ג,א+ב+ג,,3,Evolution and Genomics,TRUE,,
שחזורים 2019 - מועד א',איזה מהתנאים הבאים מונע לחלוטין ברירה טבעית באוכלוסיות לאורך זמן,שונות בין פרטים רק בגורמים סביבתיים,קיום של מעבר גנטים הוריזונטלי,גודל האוכלוסייה משתנה עם הזמן,אוכלוסיה החיה בבית גידול ללא מתחרים,אוכלוסיה עם קצב מוטציה גבוה,,1,Evolution and Genomics,FALSE,,
שחזורים 2019 - מועד א',בעקבות ההתחממות הגלובלית שפני סלע עברו סלקציה מייצבת. נצפה ש:,השונות הגנטית תקטן,השונות הגנטית תגדל,לא נראה שינוי,לא ניתן לדעת,,,1,Evolution and Genomics,FALSE,,
שחזורים 2019 - מועד א',מה הוא סחף גנטי ?,שינוי אקראי בשכיחות האללים באוכלוסיה כתוצאה מאוכלוסיה גדולה,שינוי אקראי בשכיחות האללים באוכלוסיה כתוצאה מאוכלוסיה קטנה,היעדר שינוי בשכיחות האללים כתוצאה מאוכלוסיה גדולה,היעדר שינוי בשכיחות האללים כתוצאה מאוכלוסיה קטנה,,,2,Evolution and Genomics,FALSE,,
שחזורים 2019 - מועד א',משפחה מרובת גנים (Multigene) מורכבת מ:,גנים אשר תוצרי החלבון שלהם זהים אחד לשני,"עותקים מרובים של גנים דומים שכנראה נוצרו ע""י שכפול",חזרות של רצפי DNA כמו אלו הנמצאים בדנטומרים וטטומרים,גן שהאקסון שלו יכול להחתך בכמה דרכים,גן שמור שמור מאוד שמופיע במספר מינים שונים,,2,Evolution and Genomics,FALSE,,
שחזורים 2019 - מועד א',"אוכלוסיית חתולי רחוב יש פרטים שחורים וחומים בלבד. הגנוטיפ החום הוא רצסיבי aa, הגנוטיפ השחור הוא דומיננטי AA. דגמת אוכלוסייה של 1000 פריטים וגילית ששחיכות האלל החום היא 36%. מה שכיחות האלל A? 
",36%,72%,60%,40%,18%,,4,Evolution and Genomics,FALSE,,
שחזורים 2019 - מועד א',"לבן אדם 30,000 Mb, לשושן 12,00 Mb ולשמר 13 Mb. מדוע מהאינפורמציה הזאת אי אפשר להסיק יחסים אבולוציונים?",יחסים אבולוציונים מבוססים על מספר גנים ולא על כמות דנ״א.,יחסים אבולוציונים מבוססים על צפיפות גנים.,"יחסים אבולוציונים מבוססים על דמיון בין רצפים שמקודדים לחלבון, לא כל הגנים.",יחסים אבולוציוניים מבוססים על כמות רצפים חוזריים של דנ״א.,אפשר להסיק לגבי דמיון אבולוציוני רק כשהפרטים הם מאותה האוכלוסיה.,,3,Evolution and Genomics,FALSE,,
שחזורים 2019 - מועד א',ממה Multigenes מורכבים?,תוצרי חלבון זהים,עותקים של גנים דומים ששוכפלו,"חזרות של רצפי דנ""א",אקסונים נחתכים בצורות שונות,,,2,Evolution and Genomics,FALSE,,
שחזורים 2019 - מועד א',איזה מהמסיחים הבאים תומך בתיאורית ה-RNA World?,הRNA משמש כחומר גנטי.,"הRNA משמש לקטליזה, כלומר משמש כאנזים.",קיימת סלקציה טבעית לטובת RNA המסוגל לשכפל את עצמו.,א'+ב'+ג',,,4,Evolution and Genomics,TRUE,,
שחזורים 2019 - מועד א',"מה היתה תרומתם של חיידקים מבצעי פוטוסינתזה לכדה""א כפי שאנו מכירים אותו כיום?","ניצלו את אנר' השמש לביצוע פוטוסינתזה ובכך הורידו את טמפ' כדה""א",לפי התאוריה האנדוסימביוזית בלעו תא אחר והיוו אב קדמון לאאוקריוטים,החומר הגנטי שלהם היה RNA קדום שממנו התפתח הDNA,חיו על שורשים של צמחים ומאפשרים קבלת נוטריינטים מהאדמה,"הם מקבעים פחמן דו חמצני ומשחררים חמצן שהכרחי לקיום הרבה מיני בע""ח היום",,5,Evolution and Genomics,FALSE,,
שחזורים 2019 - מועד א',(ציור של עץ פילוגנטי) לפי האיור מה ניתן ללמוד על הcambrian explosion?,גרם להכחדה המונית.,אחריו נוצרו מינים מגוונים בעקבות יחסי טורף נטרף.,בעקבותיו נוצרו יצורים רב תאיים.,נוצרו ציפורים ויצורים קטנים ששרדו טוב יותר מאורגניזמים גדולים.,אחריו הייתה עליה מהים ליבשה.,,-2,Evolution and Genomics,FALSE,,
שחזורים 2019 - מועד א',מה היתה הבדיקה לדעת מה הגיל של מאובן :,דעיכה של איזוטופ רדיואקטיבי,בדיקת שלמות המאובן,השוואת צורת המאובן לשלדים קיימים ומוכרים,ריצוף הדנא של המאובן והשוואתו לדנא של יצורים החיים כיום,הערכה של כמות החמצן האגורה במאובן,,1,Evolution and Genomics,FALSE,,
שחזורים 2019 - מועד א',מה ההבדל בין נגיף (וירוס) לבין תא ?,"תא מכיל חומר גנטי, לנגיף אין חומר גנטי","לתא יש פולימראז שמעתיק דנא, לנגיף אין פולימראז שמעתיק דנא","לתא יש יכולת עצמאית לתרגם מידע גנטי לחלבון, לנגיף אין יכולת לתרגם מידע גנטי לחלבון","תא עובר אבולוציה, נגיף לא.",ב+ג,א+ב+ג,3,The Diversity of Life,TRUE,,
שחזורים 2019 - מועד א',עמידות הנגיפים לתרופה נגד HIV,סלקציה לטובת וירוסים שיש להם עמידות לתרופה,סלקציה נגד וירוסים שהתרופה נקשרה אליהם,צוואר בקבוק וסחף גנטי הביאו לשינוי באוכלוסיה,א+ב,א+ב+ג,,4,The Diversity of Life,TRUE,,
שחזורים 2019 - מועד ב',מה ניתן ללמוד מהאיור לפי מה שנלמד בשיעור?,מאובן ב' עתיק ממאובן א',ככל שהשכבה עליונה יותר היא צעירה יותר,ניתן למצוא מאובנים בכל שכבות הקרקע,א+ב+ג,,,,Evolution and Genomics,TRUE,https://i.imgur.com/7OdqYsD.png,
שחזורים 2019 - מועד ב',מה מסבירה התיאוריה של דארווין?,את הדמיון בין כל החיים,את ההבדלים בין כל הפרטים החיים,את ההתאמות של אורגניזמים לסביבתם,א+ב+ג נכונות,,,4,Evolution and Genomics,TRUE,,
שחזורים 2019 - מועד ב',"בדרום ישראל, ציפורים רבות ניזונות מנמלים לבנים, אפורים ושחורים בשנים האחרונות צבע החול הופך להיות אפור/שחור עקב זיהום, מה שמאפשר לנמלים מסוימות הסוואה איזו סלקציה סביר שתפעל על הנמלים?",סלקציה כיוונית directional selection,סלקציה מייצבת stabilizing selection,סלקציה משבשת disruptive selection,סלקציה מואצת accelerated selection,סלקציה מואטת decelerated selection,,1,Evolution and Genomics,FALSE,,
שחזורים 2019 - מועד ב',"בשדה של צמחי בר יש מינים שונים של פרחים. מבדיקה שנערכה התגלה כי יש בשדה 5000 פרטים של כלנית ו-500 פרטים של רקפת. בהיעדר סלקציה, מה מהמשפטים הבאים סביר ביותר?","עם הזמן יש סיכוי שיחולו שינויים בשכיחויות אללים שונים באוכלוסיית הכלנית, אך סיכוי זה קטן יותר באוכלוסיית הרקפת.","עם הזמן יש סיכוי שיחולו שינויים בשכיחויות אללים שונים באוכלוסיית הרקפת, אך סיכוי זה קטן יותר באוכלוסיית הכלנית.",נצפה ששתי האוכלוסיות יהיו בשיווי משקל הרדי ויינברג.,נצפה שאוכלוסיית הכלנית תהיה בשיווי משקל הרדי ויינברג.,נצפה שאוכלוסיית הרקפת תהיה בשיווי משקל הרדי ויינברג.,,2,Evolution and Genomics,FALSE,,
שחזורים 2019 - מועד ב',בתירס יש גם צהובים וגם סגולים בשווי משקל של משוואת הארדי וויינברג. דגמת מאוכלוסיה של 100 פריטים ויצא ש-91 היו סגולים והיתר צהובים. מה השכיחות של האלל צהוב?,0.09,0.3,0.49,0.7,,,,Evolution and Genomics,FALSE,,
שחזורים 2019 - מועד ב',ביצעת בדיקת לגנים של תורם זרע וגילת כי מספר המוטציות בתאי הזרע רב יותר מבתאי העור. מה ההסבר ההגיוני?,המוטציות בתאי הזרע קיימות בכדי לבצע הפרייה טובה יותר עם הביצית,המוטציות כנראה יהיו נייטרליות או מזיקות,רוב המוטציות ברצפים שמקודדים לגנים,רוב המוטציות ברצפים שלא מקודדים לגנים,א+ג,ב+ד,6,Evolution and Genomics,TRUE,,
שחזורים 2019 - מועד ב',"במאה ה19 הייתה אוכלוסיות דרקונים גדולה שבעקבות צייד המוני הצטמצמה בשנות ה20. עקב חוקים שאוסרים על ציד גדלה אוכ' הדרקונים שוב, מה סביר שיקרה?",האוכ מגוונת גנטית,השונות הגנטית באוכ קטנה,יש סלקציה לטובת פריטים הטרוזיגוטים,האוכ תהיה חסינה למגוון מחלות שונות,,,2,Evolution and Genomics,FALSE,,
שחזורים 2019 - מועד ב',מה נכון לגבי פרוקריוטים?,,,הם אחראים לבערך כרבע מייצור החמצן,,,,,Evolution and Genomics,FALSE,,
שחזורים 2019 - מועד ב',"אורכו של הגנום של בני אדם 3 מליון בסיסים ויש לו רק 20000 גנים, ואילו לעכבר יש 15 בסיסים ו 50000 גנים אך אדם נחשב מורכב יותר מעכבר מה מסביר זאת?","בדנ""א של אדם יש הרבה אזורים לא מקודדים",אין הגדרה מדויקת למה נחשב אורגניזם מורכב יותר,א+ב נכונים,,,,3,Evolution and Genomics,FALSE,,
שחזורים 2019 - מועד ב',איזה גזים לא היו לפני באטמוספירה לפני הופעתם של יצורים שעושים פוטוסינתזה?,חמצן,פחמן דו חמצני,פחמן חד חמצני,חנקן,מתאן,,1,Evolution and Genomics,FALSE,,
שחזורים 2019 - מועד ב',מה נכון בנוגע לתיארוך של מאובנים,אפשר לתארך תיארוך לא מדויק על ידי השוואה בין מאובן בשכבת סלע לעומת מאובן בשכבה אחרת.,. תארוך מדויק על ידי פחמן 14 או איזוטופ רדיואקטיבי אחר על פי זמן מחצית החיים שלהם.,על פי מצב החמצן בסלע כי החמצן עולה באטמוספירה כל הזמן החל מלפני 4 שנים.,. א + ב,. א + ב + ג,,4,Evolution and Genomics,TRUE,,
שחזורים 2019 - מועד ב',מחזור החיים ליזוגני ( lysogenic life cycle) כולל:,ליזיס מוקדם של התא המארח,שלב של רברס טרנסקריפציה,פרו פאג' prophage,"שלב של הרס דנ""א המארח","שלב של אריזה של דנ""א מארי בתוך קפסיד של פאג' חדש הנארז",,,The Diversity of Life,FALSE,,
שחזורים 2019 - מועד ב',מה דרוש כדי שוירוס HIV יחדור לתא?,אנזים נוקלאזה,אנזים רוורס טרנסריפטאז,"רנ""א שפועל על דנ""א","דנ""א שפועל על דנ""א",א+ב נכונים,ב+ג נכונים,ב+ג+ד נכונים,The Diversity of Life,TRUE,,
שחזורים 2019 - מועד ב',מישהוא חרט את השם שלו על עץ בגובה 2 מטר ועץ מתארך מטר כל שנה אחרי 5 שנים איפה יהיה השם ?,7 מטר,2 מטר,,,,,2,Biology of Plants,FALSE,,
שחזורים 2019 - מועד ב',אכלתם מנה עם אורז מה צריך לאכול עוד כדי להשלים את … התזונתיים ?,תפוח אדמה,עדשים,שעורה,חיטה,,,2,Biology of Plants,FALSE,,
שחזורים 2019 - מועד ב',מה הסיבה שחיידקים יכולים לפתח עמידות לאנטיביוטיקה מהר,קצב מוטציה גבוה,קצת התרבות גבוהה,א+ב נכונות,,,,3,The Diversity of Life,TRUE,,
שחזורים 2019 - מועד ב',למה המים יורדים למעלה בעץ :,הפסי למעלה יותר שלילי,אדהזיה וקוהזיה,,,,,,Biology of Plants,FALSE,,
שחזורים 2019 - מועד ב',מה הכוח שמניע את המים מהשורשים עד לעלים?,פוטנציאל מים נמוך באיזור השורשים וגבוה באוויר שבא במגע עם העלים.,פוטנציאל מים גבוה באיזור השורשים ונמוך באוויר שבא במגע עם העלים.,כוחות אדהזיה וקוהזיה.,,,,2,Biology of Plants,FALSE,,
שחזורים 2019 - מועד ב',שאלה על צמחים כאשר קורה יצאת מים מהר :,הבועיות מדתחררות והצמח עלול למות,,,,,,,Biology of Plants,FALSE,,
שחזורים 2019 - מועד ב',מה ההבדל המרכזי בין חיידקים גרם-חיוביים וחיידקים גרם שליליים?,חיידקים גרם חיוביים טעונים חיובית וחיידקים גרם שלילית טעונים שלילי.,חיידקים גרם חיוביים נמצאים בשיווי משקל הרדי ווינברג וחיידקים גרם שליליים לא.,לחיידקים גרם חיוביים יש נטייה של מעבר גנטי LGT.,חיידקים גרם חיוביים גורמים למחלות וחיידקים גרם שליליים אינם גורמים למחלות.,חיידקים גרם חיוביים עוברים צביעת gram staining ושליליים אינם עוברים צביעה.,,,The Diversity of Life,FALSE,,
שחזורים 2019 - מועד ב',לפי מה הוחליטו שהחיים מחולקים ל 3 דומיינים- אוקריוטים אראכה ובקטריה?,לפי ספר שכתב .לינוס? .. שנת 1935,לפי רצף dna,לפי מיקרוסקופ אלקטרוני,על בסיס ההבחנה בנוכחות איברונים שונים בכל אחד מהאורגניזמים בדומיינים השונים,,,,The Diversity of Life,FALSE,,
שחזורים 2019 - מועד ב',מה מהבאים לא קיים בכל האאוקריוטים?,מיטוכונדריה,גרעין ומעטפת,כלורופלסט,ריבוזום,חומר גנטי,,3,The Diversity of Life,FALSE,,
שחזורים 2019 - מועד ב',מה מתאר האיור?,מיקרוזיה ארבוסקולרית,חזזית,יחסים של טפילות,א+ג נכונות,ב+ג נכונות,,-2,The Diversity of Life,TRUE,,
שחזורים 2019 - מועד ב',"בצמח בצל בן שנה, ערך הפסאי גבוה בהרבה בשורשים מאשר בנצר מהי תנועת הסוכרים:","א) סוכרים שנוצרים בעלים, יעלו אך ורק למעלה.","ב) סוכרים שנוצרים בעלים, יכולים לרדת למטה",ג)סוכרים לא יכולים לרדת למטה.,ד)סוכרים לא יכולים לעלות למעלה.,ה)אף תשובה אינה נכונה,,,Biology of Plants,FALSE,,
שחזורים 2019 - מועד ב',למי מנבאים אין מעי אלא חלל גסטרו וסקולרי?,תולעים שטוחות,קווצי עור,חולייתנים,,,,,The Diversity of Life,FALSE,,
שחזורים 2019 - מועד ב',מה משותף לחולייתנים?,,בעלי גולגולת,בעלי לסתות,בעלי חוליות,,,,The Diversity of Life,FALSE,,
שחזורים 2019 - מועד ב',"על נבט אטיולנטי שמכוסה בחלקו התחתון בשכבה אטומה, מאירים באור אדום מה יקרה לנבט?",הנבט לא יתכופף,הנבט יתכופף לכיוון האור,הנבט יתכופף לכיוון המנוגד לאור,"הנבט יתכופף, אך לא באותה מידה כמו שהיה מתכופף אם היה נחשף לאור לבן.",,,1,Biology of Plants,FALSE,,
שחזורים 2019 - מועד ב',"בעץ בננות מוטנט שחסר בו רצפטור לאתילן, מה סביר שיקרה?",הפירות לא יבשילו גם אם נקרב אותם לפירות של עץ בננות אחר.,הפירות יבשילו אם נרסס אותם באתילן.,הפירות יבשילו אם נקרב אותם לפרות של עץ בננות אחר.,,,,1,Biology of Plants,FALSE,,
שחזורים 2019 - מועד ב',מדוע צמח מוטנט שהפיוניות שלו פתוחות תמיד ימות מהר יותר?,מפני שטרנספירציה חזקה גורמת להיווצרות בועות במערכת ההובלה.,,,,,,1,Biology of Plants,FALSE,,
שחזורים 2019 - מועד ב',"התפתחות השלב הספורופיטי בצמח התאפשרה ע""י:","עיכוב חלוקת המיוזה של הזיגוטה, והתפתחותה בחלוקות מיטוטיות.",עיכוב חלוקת המיטוזה של הזיגוטה והתפתחותה בחלוקות מיוטית.,,,,,1,Biology of Plants,FALSE,,
שחזורים 2019 - מועד ב',"מצאו צמח בעל עוברים, מבצע פוטוסינתזה, ובעל מערכות הובלה אילו מבין קבוצות הצמחים הבאות הוא לא יכול להכלל בהן?",טחבים,שרכים,מכוסי זרע,חשופי זרע,אצות ירוקיות חד תאיות,,1,Biology of Plants,FALSE,,
שחזורים 2019 - מועד ב',מה הבאים הכי משפיע על ההתמיינות של תא מריסטמי?,המיקום שלו במריסטמה.,כיוון החלוקה של התא.,ביטול של גנים מסויימים,,,,1,Biology of Plants,FALSE,,
שחזורים 2019 - מועד ב',"איפה יתבטא גן מקבוצת ,C במוטנט שהוא הומוזיגוט לתקלה בגן מקבוצת A?",בכל איברי הפרח,בשחלות,באבקנים,,,,1,Biology of Plants,FALSE,,
שחזורים 2019 - מועד ב',על מה מצביע החץ הבא?,,,מריסטמה קודקודית,,מריסטמת תפרחת,מריסטמת הפרח,5,Biology of Plants,FALSE,,
שחזורים 2018 - מועד א',למה pcr לא מתבצע בטמפ החדר?,אין פולימרזות שפועלות ב25 מעלות,הליגאז בתהליך דורש טמפ גבוהה,הפרדת גדילי DNA דורשת טמפ גבוהה,בטמפ 25 מעלות לא תהיה הכפלה אקספוננציאלית,התהליך צריך להתבצע ב0 מעלות כדי שלא תהיה הפרדות גדילי dna,,3,Evolution and Genomics,FALSE,,
שחזורים 2018 - מועד א',מה נכון לגבי הכנה של דנא רקומיבנטורי?,משתמשים באותו אנזים רסטריקה גם לפלסמיד וגם לדנא כדי שיכירו אחד את השני בסטיקי אנס,משתמשים באנזים שונים,"לא משתמשים ברסטיריקציה, אלא ליגאז",לא משתמשים....?,משתמשים באנזים רסטריקציה כדי לחתוך לחתיכות קטנות.,,1,Evolution and Genomics,TRUE,,
שחזורים 2018 - מועד א',אילו מהדוגמאות הבאות מדגימות מטה-גנומיקה?,ריצוף של הגנום האנושי,ריצוף של עשרה מינים של פרפרים ממדינות שונות באירופה,ריצוף של אבולה מחולים באפריקה,ריצוף של כל קהילת החיידקים בביוב בישראל,ריצוף של חזיר הבר האסייתי,,4,Evolution and Genomics,FALSE,,
שחזורים 2018 - מועד א',איך נחפש גן ברצף חדש שרוצף?,קריאת 3 מסגרות קריאה ומציאת הגן הארוך ביותר שמתחיל בקודון האינציאציה ATG ומסתיים בקודון טרמינציה.,קריאת 6 מסגרות קריאה ומציאת הגן הארוך ביותר שמתחיל בקודון האינציאציה ATG ומסתיים בקודון טרמינציה.,קריאת 6 מסגרות קריאה ומציאת הגן הארוך ביותר שמתחיל בקודון האינציאציה ATG ומסתיים ב חומצה אמינית ארומטית.,קריאת מסגרת קריאה אחת החל מקודון האינטיאציה ועד קודון הטרמינציה.,"לא זוכרת במדויק, לא הייתה מסגרת קריאה, משהו על הגן הארוך ביותר.",,2,Evolution and Genomics,FALSE,,
שחזורים 2018 - מועד א',מדוע אין קורלציה/התאמה חיובית בין מספר הגנים בגנום לגודל הגנום?,ככל שהגנום גדול יותר מספר הגנים הם מעטים יותר וגדולים יותר.,בגנומים גדולים יש אובדן גדול של גנים כתוצאה מרקומבינציה.,בגלל סלקציה לטובת גנומים גדולים יותר באורגניזמים גדולים יותר ו/או מורכבים יותר.,בגלל פעילות של טרנספוזונים שמוציאים חומר גנטי ומקטינים את גודל הגנום.,גנומים רבים גדולים נושאים הרבה חומר לא מקודד non coding DNA,,5,Evolution and Genomics,FALSE,,
שחזורים 2018 - מועד א',ריצפתם גנים של שני יתושים ביתיים ומצאתם דמיון של 90% מה הסיבה ההגיונית ביותר לדמיון זה,אב קדמון משותף,דמיון מקרי אקראי,זרימת גנים אופקית,א וב יכולים להיות באותה מידה,,,1,Evolution and Genomics,FALSE,,
שחזורים 2018 - מועד א',עוברים של ציפור ודג דומים לעובר של אדם בהתחלה. על מה מעיד?,העובר עובר אבולוציה בזעיר אנפין (תוקן לסקאלה קטנה),חולקים אב קדמון משותף,יש יתרון להיות דומה לעובר אנושי (סלקצייה חיובית?),עוד שטות שהם המציאו.,,,2,Evolution and Genomics,FALSE,,
שחזורים 2018 - מועד א',"מה מייצג את שכיחות ההטרוזיגוטים באוכלוסייה, על פי משוואת הרדי וינברג:",P^2,Q^2,2pq,P^2+2pq,Q^2+2pq,,3,Evolution and Genomics,FALSE,,
שחזורים 2018 - מועד א',"השכיחות של אלל A היא 0.6, והשכיחות של אלל a היא 0.4. מהי השכיחות של הטרוזיגוטיים בעלי גנוטיפ Aa?",0.48,0.24,0.6,0.4,1,,1,Evolution and Genomics,FALSE,,
שחזורים 2018 - מועד א',כשרוצים להעביר דנא מחיידק (אולי וירוס?) אחד לאחר- מה נכון:,יש להשתמש באותו אנזים רסטריקציה שיחתוך את הדנא החדש והמקורי,יש להשתמש באנזים רסטריקציה שונה לשניהם,,,,,,Evolution and Genomics,FALSE,,
שחזורים 2018 - מועד א',מה מההיגדים מתאר את ההבדלים בתפיסתם של דרווין ולמרק את האבולוציה?,למרק האמין שתכונות נרכשות מועברות בתורשה.,למרק האמין כי צוואר הג׳ירפה ארוך משום שלאורך חיים הפרט מותח את צווארו ומוריש תכונה זאת לצאצאיו.,"למרק האמין שפריטים בעלי תכונות מורשות המעלות את שרידותם, יעמידו יותר צאצאים.",א+ב,א+ב+ג,,4,Evolution and Genomics,TRUE,,
שחזורים 2018 - מועד א',הדוגמה של העשים הכהים והבהירים במאה ה19 מעידה על כך ש:,אבולוציה מתרחשת מאוד לאט כך שלא ניתן לראות שינויים בזמן חיים של בני אדם,שינוי סביבתי מוביל לאבולוציה של מינים בסביבה החדשה,לעשים הכהים יש יתרון אבולוציוני בכל הסביבות הקיימות כיום,שינוי בתדירות האללים של העשים הכהים תואמת את התיאוריה של למארק,ב+ד,,2,Evolution and Genomics,TRUE,,
שחזורים 2018 - מועד א',מי מבין המשפטים הבאים נכון:,המקור של בני אדם הוא משימפנזה,לבן אדם ושימפנזה יש אב קדמון משותף,לשימפנזה ולחיידקים יש אב קדמון משותף,לחיידקים ולבני אדם יש אב קדמון משותף,ב+ג+ד,,5,Evolution and Genomics,TRUE,,
שחזורים 2018 - מועד א',"לגן חיות בגרמניה הביאו קבוצה של נמרים מאסיה.לאחר כמה מחזורי רבייה שמו לב ש10 מתוך 140 הם עיוורים, לא היה אף נמר עיוור מלחתכילה, מה יכולה להיות הסיבה?",הייתה מוטציה בגן המקודד לראייה לאורך הדורות שגרמה לחלקם להיות עיוורים,הגן האחראי לראייה הוא רצסיבי,,,,,1,Evolution and Genomics,FALSE,,
שחזורים 2018 - מועד א',איזה דוגמא מייצגת adaptive radiation?,עלייה בשכיחות העשים בעקבות המהפכה התעשייתית,היווצרות מיני יונקים חדשים בעקבות הכחדת הדינוזאורים.,עמידות חיידקים לאנטיביוטיקה,ירידה חדה באוכלוסיית כלבי ציד בעקבות ציד.,נדידה של האדם בעולם,,2,Evolution and Genomics,FALSE,,
שחזורים 2018 - מועד א',מה המשפטים הבאים לא נכון לגבי הכחדה המונית (mass extinction)?,הכחדה המונית פוגעת יותר במינים החיים על היבשה מאשר מינים החיים בים,הכחדה המונית גורמת לעיתים קרובות להיווצרות של מינים חדשים רבים,אופיינו 5 הכחדות המוניות באבולוציה,הדינוזאורים הוכחדו בהכחדה המונית,א+ד,,1,Evolution and Genomics,TRUE,,
שחזורים 2018 - מועד א',"על אי מסוים קיימים שני סוגים של עצי באובב, חלקם בעלי גזע מעט צהוב חלקם בעלי גזע מעט אדום. התחוללה סופת ברקים וחיסלה את רוב אוכלוסיית העצים באי. אילו מהמשפטים נכון?",שכיחות העצים תשתנה כתוצאה מסחף גנטי,שכיחות לא תשתנה,שכיחות עצים צהובים תעלה באופן דרמטי,.שכיחות עצים אדומים תעלה באופן דרמטי,האוכלוסיה תתקיים לפי שיווי משקל הארדי ויינברג,,1,Evolution and Genomics,FALSE,,
שחזורים 2018 - מועד א',מה ההבדל בין חיידקי גראם חיוביים לחידקיי גראם שליליים?,חיידקי גראם חיוביים הם בעלי שכבה פפטידוגליקן עבה וחסרי ממברנה חיצונית.,חיידקי גראם חיוביים טעונים חיובית וגראם שליליים טעונים שלילית,חיידקי גראם חיוביים עוברים סלקציה חיובית וחיידקי גראם שליליים עוברים סלקציה שלילית,חיידקי גראם חיוביים נצבעים אחרת מחיידקי גראם שליליים,א+ד,,5,The Diversity of Life,TRUE,,
שחזורים 2018 - מועד א',אילו מכניזמים מאפשרים העברה לטרלית של גנים (lateral gene transfer) בפרוקריוטים?,קוניוגציה (conjunction),טרנספורמציה (transformation),טרנסדוקציה (transduction),כל התשובות,,,4,The Diversity of Life,FALSE,,
שחזורים 2018 - מועד א',קשה למצוא תרופה או חיסון לנגיף הHIV. מה אינו מתאר את אחת הסיבות לכך?,הוירוס הופך לפרווירוס ומוחבא בגנום של המאחסן.,המעטפת החלבוית עוברת הרבה שינויים,"לוירוס יש אנזים רוורס טרנקריפטאז שפוגע ברנ""א התאי",קצב מוטציות גבוה,הוירוס פוגע בתאי מערכת החיסון,,3,The Diversity of Life,FALSE,,
שחזורים 2018 - מועד א',אנטיביוטיקה הינה... :,"מונעת התרבות של נגיפים וחיידקים ע""י עצירת ביטוי גנים",מונעת גדילה של חיידקים על ידי עיקוב חומרים הנמצאים רק בתאים חידקיים ולא בתאים אנושיים,"מונעת התרבות של נגיפים , בעקבות קצב מוטציה גבוהה, יפתחו הנגיפים עמידות",א+ג,ב+ג,א+ב,2,The Diversity of Life,TRUE,,
שחזורים 2018 - מועד א',מה סיכויי ההישרדות של אוכלוסייה בעלת מגוון גנטי קטן,סיכוי גבוה. יש סיכוי נמוך למוטציה.,סיכוי גבוה. כל הפריטים בעלי כשירות גבוהה.,סיכוי נמוך. בהינתן שינוי סביבתי יהיה זוכר את הסיבה)קשה לעשות אדפטציה.,"יש להן סיכוי נמוך לשרוד,היות ובהגדרה הן אינן בשיווי משקל הרדי ויינברג.",אין קשר בין מגוון גנטי לסיכויי הישרדות,,3,The Diversity of Life,FALSE,,
שחזורים 2018 - מועד א',,מיטוזה,מיוזה,קריוגמיה,פלסמוגמיה,ג+ד,,,The Diversity of Life,TRUE,,
שחזורים 2018 - מועד א',לאיזה סוג פטריות יש שלב דיקריוטי?,בסידיומיקוטה,בסידיומיקוטה ואסיומיקוטה,גלומרלוס,גלומרלוס וזיגומיקוטה,כלל הפטריות,,,The Diversity of Life,FALSE,,
שחזורים 2018 - מועד א',גלומרומיצטה יחודיים מבין הפטריות מפני ש:,יש להם דופן תא מבוסס כיתין,יש להם נבגים עם שוטון,הם יוצרים מיקוריזה ארבסקולרית,הם יוצרים זגוספורנגיום עמיד,הם יוצרים קורים קיאנוציטים,,3,The Diversity of Life,FALSE,,
שחזורים 2018 - מועד א',יש סוגי פטריות שעושות שיתוף פעולה סימביוזי (הדדי) עם:,בעלי חיים,צמחים,חיידקים,רק בעלי חיים וצמחים,כולם,,5,The Diversity of Life,FALSE,,
שחזורים 2018 - מועד א',"קודיום (codium) הוא אאוקריוט ימי פוטוסינטטי אשר יוצר פילמנטים קואנוציטיים (coenocytic filaments), כלומר אין דופן תא בין גרעינים שונים. דופן התא שלו מכיל צלולוז (cellulose) ופקטין (pectin) אבל לא כיטין (chitin). לאיזה קבוצה טקסונומית שייך הקודיום?+ ציור",פטריות,חיות,פרוטיסטים,צמחים,חואנופלגלטים (choanoflagallates),,,The Diversity of Life,FALSE,,
שחזורים 2018 - מועד א',באבולוציה של אאוקריוטים אילו מבין הבאים התרחש קודם:,אנדוסימביוזה ראשונית של פלסטיד,אנדוסימביוזה שניונית של פלסטיד,אנדוסימביוזה של מיטוכומדריה,,,,,The Diversity of Life,FALSE,,
שחזורים 2018 - מועד א',מהו מחזור החיים של פרוטיסטים?,הפלואידי,דיפלואידי,דיפלואידי שהופך להפלואידי ולהפך בדור הבא,א-מיני,א+ב+ג,,5,The Diversity of Life,TRUE,,
שחזורים 2018 - מועד ב',מהי שיטת הpcr ?,שיטה להגדלת כמות גדילי דנא ספציפי,שיטה לקריאת דנא,שיטה לתרגום רנא,,,,1,Evolution and Genomics,FALSE,,
שחזורים 2018 - מועד ב',משהו שקשור לטמפ' גבוהה בpcr; ולמה צריך אותה? (משהו שהתשובה שלו היתה שכדי לחבר פריימרים צריך טמפ' נמוכה יותר,,,,,,,,Evolution and Genomics,FALSE,,
שחזורים 2018 - מועד ב',מה מהבאים נחשב מטאגנומיקה?,ריצוף דנא של שימפנזה,ריצוף דנא של ליטר מי אוקיינוס,,,,,2,Evolution and Genomics,FALSE,,
שחזורים 2018 - מועד ב',"תמונה של שני גדילי דנא חתוכים עי אנזים רסטריקציה ושאלו ע""י מה נחתך",,,,,,,,Evolution and Genomics,FALSE,,
שחזורים 2018 - מועד ב',שאלה על איך הכי נכון לכתוב את השם של זבוב הפירות- אות גדולה במילה הראשונה; קטנה במילה השניה; וכתב אלכסוני,,,,,,,,Evolution and Genomics,FALSE,,
שחזורים 2018 - מועד ב',גרף שמראה קפיצה בכמות החמצן; מה גרם לקפיצה?,חידקים שעשו פוטוסינטזה,צמחים שעשו פוטוסינתזה,,,,,1,Evolution and Genomics,FALSE,,
שחזורים 2018 - מועד ב',שכיחות ההומוזיגוט הדומיננטי 36%; מה שכיחות בגן הרצסיבי?,,,,,,,,Evolution and Genomics,FALSE,,
שחזורים 2018 - מועד ב',גרף אחוזי תמותה של יתושים לאחר הדברה; מתחיל מ100% ולאחר כמה חודשים הופך ל20%; שואלים מה גרם לתופעה,סחיפה גנטית,הגעה של יתושים ממקומות שכנים,ברירה טבעית,,,,3,Evolution and Genomics,FALSE,,
שחזורים 2018 - מועד ב',מה מיחד את פטריית הchytrid?,נבג שוטון,קורים ללא חלוקה,,,,,1,The Diversity of Life,FALSE,,
שחזורים 2018 - מועד ב',איך הכי נכון לתאר את תהליך הפלסמוגמיה?,. שתפ בין פטריה לאצה,שתפ בין פטריה לפטריה,,,,,2,The Diversity of Life,FALSE,,
שחזורים 2018 - מועד ב',איך נקרא החלל המלא בנוזל בתוך הבלסטולה?,ארכנטרון,בלסטוצל,,,,,2,The Diversity of Life,FALSE,,
שחזורים 2018 - מועד ב',שאלה בסגנון הזה: במוטנט שנפגע בגן ממשפחת A אילו דורים יפגעו?,דור ראשון,דור שני,דור שלישי,דור רביעי,דור ראשון ושני,,,Evolution and Genomics,FALSE,,
שחזורים 2018 - מועד ב',מה מופיע בתמונה?,גבעול בחד פסיגי,גבעול בדו פסיגי,בשורש בחד פסיגי,בשורש בדו פסיגי,,,,Biology of Plants,FALSE,https://i.imgur.com/fJ5oczV.png,
שחזורים 2018 - מועד ב',כאשר מדגירים תא עם ψs= -04 במים מזוקקים מה נקבל?,ψs= -0.4 ו- ψp= 0.4,,,,,,,Biology of Plants,FALSE,,
שחזורים 2018 - מועד ב',משהו בסגנון: יש מוטנט stm שגורם לאי התפתחות של מריסטמה כאשר מוסיפים ציטוקינין ברקע המוטנט ניתן לראות שהצמח הוא בעל מריסטמה מה ההסבר הכי הגיוני?,הציטוקינין מדכא את השפעת ה-stm,הציטוקינין משרה את השפעת ה-stm,הציטוקינין מעודד השפעת STM,,,,,Biology of Plants,FALSE,,
שחזורים 2018 - מועד ב',מה נכון לגבי הדו חיים:,לא לכולם יש רגליים,הנשימה שלהם היא רק בעזרת הריאות,,,,,1,The Diversity of Life,FALSE,,
שחזורים 2018 - מועד ב',ציור של פרוטיסט,,,,,,,,The Diversity of Life,FALSE,,
שחזורים 2018 - מועד ב',צילום של גולגולת יונק; עם השאלה של מי הגולגולת:,דו חיים,זוחל,יונק,,,,,The Diversity of Life,FALSE,,
שחזורים 2018 - מועד ב',מה נכון לגבי פרוטיסטים?,כולם אאוקריוטים,הכל נכון,,,,,,The Diversity of Life,FALSE,,
שחזורים 2018 - מועד ב',מה נכון לגבי פטריות?,הן עושות פוטוסינתזה,כולן טפילות,הן הטרוקריוטיות,,,,3,The Diversity of Life,FALSE,,
שחזורים 2018 - מועד ב',יש עכבר העיר שהוא שמן וגדול ועכבר שקילומטר מהעיר קטן ורזה מביאים צאצאים עקרים,איך יודעים שהם ממינים שונים?,לא יכולים להביא צאצאים פורים,גרים במרחק קילומטר אחד מהשני,נראים אחרת,,,,Evolution and Genomics,FALSE,,
שחזורים 2018 - מועד ב',מה צריך לברירה טבעית?,מראה חיצוני שונה,שונות גנטית,,,,,,Evolution and Genomics,FALSE,,
שחזורים 2018 - מועד ב',איך נעשית גדילה משנית,גדילה אנטיקלינלית של העיצה פנימה והשיפה החוצה,גדילה פריקלינלית של עיצה פנימה ושיפה החוצה,,,,,,The Diversity of Life,FALSE,,
שחזורים 2018 - מועד ב',מהי אנדוסימביוזה שיונית?,,,,,,,,Biology of Plants,FALSE,,
שחזורים 2018 - מועד ב',על גבעול של צמח יום קצר שפורח ב8 שעות אור הרכיבו ניצן של צמח יום ארוך 16 שעות אור האירו 8 שעות,מה יקרה,יפרח מיד,כעבור שעה יפרח,כעבור שבוע יפרח,יפרח כשיאירו 16 שעות,,,Biology of Plants,FALSE,,
שחזורים 2018 - מועד ב',איזה אנזים גורם לפירוק האנדוספרם,אוקסין,ציטוקינין,ג'יברלין,,,,,Biology of Plants,FALSE,,
שחזורים 2018 - מועד ב',מה הכי נכון:,לצורבים 3 שכבות נבט,לספוגים 3 שכבות נבט,א- צלומט הם בעלי 3 שכבות נבט והאנדודרם והאקטודרם שלהם צמודות (משהו כזה.,,,,3,The Diversity of Life,FALSE,,
שחזורים 2018 - מועד ב',למי יש לארבת ( או מבנה? של לופופור?,,,,,,,,The Diversity of Life,FALSE,,
שחזורים 2018 - מועד ב',מה מהבאים לא מכיל חומר גנטי,וירוס,חידק,פריון,,,,3,The Diversity of Life,FALSE,,
שחזורים 2018 - מועד ב',מה נכון לגבי וירואידים,,,,,,,,The Diversity of Life,FALSE,,
שחזורים 2018 - מועד ב',בגרף רואים ירידה ברמות הCO2 באטמוספירה מה הסיבה העיקרית שגרמה לכך?,התפתחות הטחביים,התפתחות השרכיים,התפתחות הצמחים הפורחים,,,,2,Biology of Plants,FALSE,https://i.imgur.com/DWFHs9B.png,
שחזורים 2018 - מועד ב',"ראית צמח שבו הספורופיט גדל על הגמטופיט, והספורופיט הוא שלב קצר חיים לאיזה משפחה שייך הצמח?",טחבים,שרכניים,חשופי זרע,מכוסי זרע,,,2,Biology of Plants,FALSE,,
שחזורים 2018 - מועד ב',שאלה על דרווין ואוקסין,,,,,,,,Evolution and Genomics,FALSE,,
שחזורים 2018 - מועד ב',מהי גראונד טישיו,ממנה בין השאר מתפתחת הפרינכמה,,,,,,,Biology of Plants,FALSE,,
שחזורים 2018 - מועד ב',מה נוצר מהמריסטמה הקודקודית של הנצר?,נבט,פסיגים; עלים; גבעולים; מריסטמת תפרחת,עלים; גבעולים; מריסטמת תפרחת,,,,,Biology of Plants,FALSE,,
שחזורים 2018 - מועד ב',השלימו: האנדוספרם נוצר מ________ ומטענו הוא________,- הפריית גרגר האבקה עם תא הגרעין המרכזי; 3n.,,,,,,,Biology of Plants,FALSE,,
שחזורים 2018 - מועד ב',צמח צומח מתחת לחלוק אבן; איזה הורמון יעבוד ואיזו תגובה תתרחש? (משהו כזה,- אתילן; תגובה משולשת,-אוקסין; צמיחה לכיוון האור,,,,,,Biology of Plants,FALSE,,
שחזורים 2018 - מועד ב',לאיזו קבוצה אין שרירים ואין תאי עצב?,ספוגים,קווצי עור,לכולם יש שרירים ותאי עצב,,,,1,The Diversity of Life,FALSE,,
שחזורים 2018 - מועד ב',שאלה על מה נכון לגבי Pr ו-Pfr,,,,,,,,Biology of Plants,FALSE,,
שחזורים 2018 - מועד ב',היה עץ פילוגנטי ולבחור מבין האפשרויות עץ שזהה לו,,,,,,,,Evolution and Genomics,FALSE,,
שחזורים 2018 - מועד ב',מה משותף לכל צמחי היבשה?,בעלי פרחים,בעלי זרעים,בעלי עוברים,,,,,Biology of Plants,FALSE,,
שחזורים 2018 - מועד ב',מה גורם לכניסת הסוכר לשיפה? (משהו כזה,נשאים בתאי הלוואי,נשאים בתאי הכברה,,,,,,Biology of Plants,FALSE,,
שחזורים 2017 - מועד א',כיצד התא החיידקי מגן על הDNA שלו מפני אנזימי רסטריקציה?,"ע""י מודיפיקציות שמוסיפות מתיל","ע""י שימוש בligase DNA","ע""י הוספת היסטונים שיגנו על סליל ה-DNA כפול",. באמצעות יצירת קצוות דביקים של ה-DNA החיידקי שמונעים היקשרות של האנזים,,,1,Evolution and Genomics,FALSE,,
שחזורים 2017 - מועד א',ב-PCR נהוג להשתמש ב-polymerase taq .למה?,בגלל שהוא עמיד בטמפ' גבוהות,בגלל שיש לו את המשלים לpromoter,בגלל שהוא הפולימראז שמבצע את הפעולה הכי מהר הוא הכי מתאים,בגלל שצריך כמות מועטה ממנו למקטעי DNA רבים,,,1,Evolution and Genomics,FALSE,,
שחזורים 2017 - מועד א',איזה מהאנזימים הבאים קשור לייצור cDNA,DNA ligase,אנזימי רסטריקציה,Reverse Transcriptase,RNA polymerase,DNA polymerase,,3,Evolution and Genomics,FALSE,,
שחזורים 2017 - מועד א',"מקטע ה-DNA הבא נחתך באתרי רסטריקציה 1 ו-2 .לאחר החיתוך נוצרים מקטעי הDNA הבאים: C,B,A . כאשר נריץ את המקטעים בג'ל אלקטרופורזיס, איזה דגם ריצה בג'ל נצפה לקבל?",a,b,c,d,e - היה ציור של מקטע נוסף בו המרחק בין הגדילים היה שווה- טעות,,1,Evolution and Genomics,FALSE,https://i.ibb.co/k22fxsY/4.png,
שחזורים 2017 - מועד א',מהי מטגנומיקה של מין מסויים?,רצף של אחד או שני מינים מוצגים ממספר מינים,ריצוף של הגנים הכי שמורים בלבד בשושלת,ריצוף של דנא מקבוצה של מינים מאותה אקוסיסטמה,גנומיקה של מערכה שלמה,,,3,Evolution and Genomics,FALSE,,
שחזורים 2017 - מועד א',מהי ביואינפורמטיקה?,טכניקה לתמונות תלת ממד של גנים לנבא מתי מתבטאים.,כלים חישוביים לריצוף גנים,תוכנת חיפוש לרצפים של גנים,תוכנה להזמנת רצפי גנים,,,2,Evolution and Genomics,FALSE,,
שחזורים 2017 - מועד א',מי מהמסיחים הבאים אינו נכון:,מספר הרצפים החוזרניים והטרנספוזונים הקיימים אינו קשור לגודל/מורכבות הפרט,לאאוקריוט חד תאי לדוגמא שמר יש את כל הגנים לביצוע מטבוליזם מרכזי,אורגניזם חד תאי (חיידק או פרוטיסטה צריך לנהל את כל פונקציות החיים המורכבות כמו של אורגניזם רב תאי גדול,"תאי דם לבנים ותאי עצב ממלאים תפקיד שונה ויש כמות גנים/דנ""א זונה לכל אחד מהתאים",מספר הכרומוזומים בתאי יונק יכול להיות קטן ממספר הכרומוזומים בחיידק סטנדרטי,,5,Evolution and Genomics,FALSE,,
שחזורים 2017 - מועד א',"נלקחו דוגמיות מתא לחי של 6 סטודנטים. דנ""א שהופק נחתך באנזימי רסטריקציה ב 0 ,1 ,או 2 אזורים בגן מסוים, המטרה הסבירה ביותר לניסוי זה בהקשר למה שנלמד בכיתה הוא:",למצוא את מיקום הגן בגנום ההומני,לבודד את הכרומוזום עליו נמצא הגן,למצוא אילו אללים יש לסטודנטים,לאסוף אינפורמציה על האוכלוסייה שתשמש להערכת ברירה טבעית,לאסוף אינפורמציה על האוכלוסייה שתשמש למדידת סחף גנטי,,3,Evolution and Genomics,FALSE,,
שחזורים 2017 - מועד א',"איזה מהתנאים הבאים מונע לחלוטין את התרחשות הברירה הטבעית, באוכלוסייה לאורך זמן:",כאשר כל הוריאביליות (הודגש במבחן=השונות) בין הפרטים נובעות אך ורק מגורמים סביבתיים,גודל אוכלוסייה גדול,האוכלוסייה משתנה בקצב איטי יחסית,אוכלוסייה החיה בבית גידול ללא מתחרים,קצב מוטציות גדול במיוחד,,1,Evolution and Genomics,FALSE,,
שחזורים 2017 - מועד א',סמן את המשפט עליו הברירה הטבעית איננה מתבססת,שונות גנטית קיימת באוכלוסייה,הפרטים המותאמים ביותר משאירים יותר צאצאים,"פרטים ששורדים לאורך יותר זמן נוטים להשאיר יותר צאצאים מאותו פרט שמת בגיל
צעיר",אוכלוסיות נוטות לייצר יותר פרטים ממה שהסביבה יכולה לתמוך,הסתגלות לסביבה תורמת להתפתחות הפרטים באוכלוסייה,,5,Evolution and Genomics,FALSE,,
שחזורים 2017 - מועד א',.לפרטים של שני מינים שונים קיימים מבנים דומים שמשמשים אותם לביצוע אותן פונקציות. איזה אינפורמציה הכי תעזור כדי להבחין בין הומולוגיה לאבולוציה מתכנסת? ,. בתי הגידול מורחקים אחד מהשני,מצאו מאובנים של שני המינים באותו אזור,,,,,?,Evolution and Genomics,FALSE,,
שחזורים 2017 - מועד א',"במהלך חייו של אורגניזם, איך יסתגל בצורה טובה לשינויים סביבתיים?",מיקרו אבולוציה,שינוי בקצב המוטציות,ביטוי גנים,,,,3,Evolution and Genomics,FALSE,,
שחזורים 2017 - מועד א',.ציפור מסוג פרוש (finch (אשר נסחפה לגלאפגוס מדרום אמריקה והייתה שונה מבחינה גנטית מאוכלוסיית הוריה החיים בדרום אמריקה עוד לפניי ההסתגלות לגלאפגוס דוגמה ל:,סחף גנטי,ברירה טבעית,אפקט המייסדים,כל התשובות נכונות,. א ו-ג נכונות,,5,Evolution and Genomics,TRUE,,
שחזורים 2017 - מועד א',מה נכון לגבי הברירה הטבעית?,ברירה טבעית היא רנדומלית,"מוטציות מתרחשות בצורה רנדומלית. הברירה הטבעית תפיץ מוטציות שעוזרות
לשרידות.",מוטציות מתרחשות לכיוון טובת המין. הברירה הטבעית תעלים מוטציות רעות ותגדיל את השכיחות של הטובות,,,,2,Evolution and Genomics,FALSE,,
שחזורים 2017 - מועד א',"כשהפטריה שולחת את המיצליום (הודגש כי =תפטיר) לאזור בו נמצא אורגניזם מת, מה החומר הראשון שמגיע?",ספורות,אנזימים פטרייתיים,רמת חנקן גבוהה,,,,2,Evolution and Genomics,FALSE,,
שחזורים 2017 - מועד א',"ישר (תוקן ל-מיד) אחרי שמתרחש השלב הקריוגרמי, התאים בפטריות מקבוצת ה- :Basidiomycetes",. הפלואידים.,הטרוקריוטים.,דיקריוטים,דיפלואידים,רב גרעיניים.,,4,Evolution and Genomics,FALSE,,
שחזורים 2017 - מועד א',איזה מהבאים מספקת הפטריה לשותפים הפוטו סינטטיים: מיקוריזה וגם חזזית?,פחמימה,אנטיביוטיקה,חנקן מקובע, מים ומנירלים,הגנה מפני קרינת UV,,4,Evolution and Genomics,FALSE,,
שחזורים 2017 - מועד א',.מה נכון?,sister texa הם G+I,"I,H,G,F מהווים קבוצה פאראפילטית",C וE בעלות אב קדמון משותף ראשון בנק' 2,"קבוצות E,D,C הן מונופילטיות",אפשר להגיד בוודאות שפיצול 2 התרחש לפני פיצול 4,,?,Evolution and Genomics,FALSE,https://i.ibb.co/M52Tvy5/19.png,
שחזורים 2017 - מועד א',בנית עצים פילוגנטים בשיטה הקלדיסטית מסתמכים על תכונות:,פלייסומורפיות,תכונות קדומות של אב קדמון,תכונות חדשות ייחודיות לטקסון,תכונות חדשות שמשותפות לטקסונים,משתמשים בכל התכונות לבניית עץ פילוגנטים בשיטה הקלדיסטית,,4,Evolution and Genomics,FALSE,,
שחזורים 2017 - מועד א',אילו מהמחסומים הבאים מהווה מחסום פרה-זיגוטי?,,,,,,,,Evolution and Genomics,FALSE,,
שחזורים 2017 - מועד א',מה אינו נכון לגבי הגדרת מין ביולוגי?,ההגדרה נכונה לגבי בעלי חיים אבל לא לגבי צמחים,מתייחסת ליכולת של אוכלוסייה להזדווג עם הפרטים בה ולא עם אוכלוסיות אחרות,אי אפשר להשתמש בהגדרה על יצורים שמתרבים רבייה א מינית,לא ניתן להגדיר מאובנים באמצעות מין ביולוגי,,,1,Evolution and Genomics,FALSE,,
שחזורים 2017 - מועד א',מי מהבאים מתאר הכי נכון את תהליך ההתמיינות (speciation?,בידוד גיאוגרפי (isolation reproductive.(,פוליפלואידיות היא אחד המנגנונים שיכולים להוביל להתמיינות סיפטרית,"הזבוב pomanella. R שהחל להתפתח גם על תפוחים, מהווה דוגמה להתמיינות אלופטרית","""איזור היבריד"" מתאר אזור בו שני מינים נפגשים, שבינהם בידוד רבייתי.",התמיינות היא תהליך שתמיד קורה לאט ותוך שינויים גנטיים רבים.,,2,Evolution and Genomics,FALSE,,
שחזורים 2017 - מועד א',מה מהבאים היא לא תכונה סינאמורפית אצל מיתרנים?,זימים ליד הלוע,חוט עצבים בגב,לב,זנב מאחורי פי הטבעת,אף תשובה לא נכונה,,3,The Diversity of Life,FALSE,,
שחזורים 2017 - מועד א',מהו המשפט הנכון?,דגים הם קבוצה מונופילטית,דגים ודו חיים הם קבוצה מונופילטית,ציפורים הם טטרפודים וגם המניאוטים (הוסיפו במבחן- בעלי שפיר),זוחלים הם טטרפודים אך לא המניאוטים (הוסיפו במבחן- בעלי שפיר),,,3,The Diversity of Life,FALSE,,
שחזורים 2017 - מועד א',"חוקרים גילו זן ביערות הגשם בדרום אמריקה בעל 4 רגליים, עור חלק ולח, זנב, צבעים עזים ונראה מטיל ביצים במים. לאילו מהזנים יכול להשתייך?",אמניוטים,טטרפודס,זוחלים,דו חיים,ב+ד,,5,The Diversity of Life,TRUE,,
שחזורים 2017 - מועד א',מה מבדיל את הספוגים מכל בעלי החיים האחרים?,בעלי שתי שכבות תאים,חסרי רקמות אמיתיות,בעלי סימטריה רדיאלית,ישיבים,בעלי דופן תא,,2,The Diversity of Life,FALSE,,
שחזורים 2017 - מועד א',מה נכון לגבי התפתחות הצלום במערכת שניונית של בעלי חיים?,מחסרי צלום התפתחו בעלי הפסאודו-צלום ובעלי הצלום,אופן הופעת הצלום במהלך ההתפתחות העוברית שונה בין deuterostome ל protostome,,,,,2,The Diversity of Life,FALSE,,
שחזורים 2017 - מועד א',בעל החיים שבתמונה הוא? (תמונה של התולעת בלבד,בעל סימטריה מעגלית (רדיאלית),תועלת שטוחה,מיתרן,פסאודו-צלום,בעל מערכת עצבים מרכזית,,5,The Diversity of Life,FALSE,https://i.ibb.co/gJzbZkY/31.png,
שחזורים 2017 - מועד א',"איזה בע""ח הינו פסאודו-צלומט, מערכת עצבים מורכבת, מעטפת גוף קשיחה ומבצע חילוף גזים דרך העור? (צוינו גם שמות הקבוצות אליהן שייכים באנגלית)",תולעים נימיות,חלזון,כוכב ים,סרטן,אלמוג,,1,The Diversity of Life,FALSE,,
שחזורים 2017 - מועד א',"מדוע נחשבת מולקולת הרנ""א כזו שהתחילה את האבולוציה?","לרנ""א יש מטען גנטי","לא סביר שדנ""א היה הראשון מכיוון שקיום של דנ""א מחייב קיום חלבונים (כמו פולימראז), וקיום חלבונים מחייב קיום של דנ""א","רנ""א מולקולה קטליטית",. א+ב+ג נכונות,אף תשובה לא נכונה,,4,Evolution and Genomics,TRUE,,
שחזורים 2017 - מועד א',"מה קרה בעקבות ""מהפכת החמצן"" שבה חיידקים מסוימים רכשו את היכולת לבצע פוטוסינתיזה?",חלה עליה ברמת החמצן באוקיינוסים ובהמשך ביבשה מה שהוביל להכחדה המונית של חיידקים,"חלה ירידה ברמת חמצן בעקבות יכולת של חיידקים מבצעי הפוטוסינתיזה לקבע חמצן
ולהפוך אותו לפחמן דו חמצני",. חלה עליה ברמת חמצן שהובילה לשגשוג של כל מיני חיידקים שחייו באוקיינוס,חלה עליה ברמת חמצון באוקיינוס ובהמשך ביבשה מה שגרם להכחדה של דינוזאורים,חלה עליה ברמת חמצון באוקיינוסים מה שאפשר את היוצרות חומצות אמינו ואת התפתחות החיים,,1,Evolution and Genomics,FALSE,,
שחזורים 2017 - מועד א',מי מהבאים אינו מאפיין של הכחדה המונית (extinction mass :,"הכחדה המונית מאופיינת ע""י קצב הכחדה גבוהה",לעיתים רבות בעקבות הכחדה המונית יש היווצרות של מינים רבים חדשים,קיים חשש שבני האדם גורמים להכחדה המונית נוספת,נדידת היבשות גרמה להכחדה המונית של דינוזאורים,אופיינו 5 הכחדות המוניות במשך הזמן,,4,Evolution and Genomics,FALSE,,
שחזורים 2017 - מועד א',מה ההבדל בין נגיף לתא חי?,גם לנגיף וגם לתא אין מעטפת חלבון,"לתא, שלא כמו לנגיף יש יכולת שכפול עצמאית",הנגיף והתא יכולים ליצור חלבונים לעצמם,,,,2,The Diversity of Life,FALSE,,
שחזורים 2017 - מועד א',בעקבות מתן תרופה אחת של HIV :,מוטנט של הוירוס שעמיד לתרופה יעבור ברירה טבעית ויהפוך לנפוץ באוכלוסיית הוירוסים,מוטנט של הוירוס עמיד לתרופה יעשה מעבר לגנטי למרכזי האנושי,מוטנט של הוירוס שעמיד לתרופה יזוהה על ידי מערכת החיסון ויתחיל מרוץ חימוש בינו לבין מערכת החיסון,. מוטנט של הוירוס שעמיד לתרופה היה מספר מועט כך שהוא נעלם למרות מתן התרופה,אף תשובה אינה נכונה,,1,The Diversity of Life,FALSE,,
שחזורים 2017 - מועד א',מה משותף בין וירוס הHIV לבין בקטריאופאג' ליזוגני?,שניהם נגיפים.,שניהם נכנסים לתוך הגנום/ שניהם פרואפגים ( לא זוכרת את הניסוח המדוייק),לשניהם יש את האנזים רוורס טרנסקריפטאז.,א+ ב נכונות,א+ ב+ ג נכונות,,4,The Diversity of Life,TRUE,,
שחזורים 2017 - מועד א',אילו מהאלמנטים הבאים עלולים לגרום למחלה בבני אדם?,וירוסים,חיידקים,אאוקריוטים חד תאיים,פריונים,. כל התשובות נכונות,,5,The Diversity of Life,FALSE,,
שחזורים 2017 - מועד א',מדוע תרופות הקוקטייל יעילות לטיפול בHIV?,הן מכילות ריכוז גבוה של תרופה אנטי ויראלית,הן מחזקות את תגובת מערכת החיסון כנגד הוירוס.,הן מכילות מספר תרופות אשר פועלות יחד באופן סינראטי (כלומר כל תרופה מחזקת את פעילות האחרות),"הן מכילות מספר תרופות, כך שהסיכוי שבגנום הנגיף תהיה מוטציה שמקנה לו עמידות
ל-2 תרופות או יותר נמוך מאוד עד אפסי.",הן מאטות את קצב המוטציות של הוירוס.,,4,The Diversity of Life,FALSE,,
שחזורים 2017 - מועד א',נתנו לחולה HIV תרופה אנטי ויראלית. לאחר מכן לקחו בדיקת דם וגילו מוטציה חדשה ב-1 מכל 1000 נגיפים. מה המקרה הכי סביר?,המוטציה החדשה היא פיתוח עמידות של הווירוס למערכת החיסון.,המוטציה החדשה היא פיתוח עמידות של הווירוס לתרופה.,המוטציה החדשה תפגע בנגיף,המוטציה החדשה תפגע האנזים transcriptase reverse של הנגיף.,,,3,The Diversity of Life,FALSE,,
שחזורים 2017 - מועד א',המגוון הגנטי בחיידקים:,קטן בהרבה מזה של יונקים,דומה לזה של יונקים,גדול בהרבה מזה של יונקים,אף תשובה לא נכונה,,,3,The Diversity of Life,FALSE,,
שחזורים 2017 - מועד א',אילו מההיגדים הבאים אינו נכון:,מוכרים חיידקים שתורמים לתפקודנו כבני אדם,מוכרים חיידקים שתורמים לתפקודם של הצמחים,מוכרים חיידקים שפוגעים בבריאות האדם,מוכרים נגיפים שתורמים לתפקודנו כבני אדם,מוכרים נגיפים שפוגעים בבריאות האדם,,4,The Diversity of Life,FALSE,,
שחזורים 2017 - מועד א',מה התכונה שמשפיעה הכי הרבה על אבולוציה של פרוקריוטיים?,קצב גידול מהיר,מעבר גנים אופקי,אורח חיים ליזוגני,א+ב,א+ב+ג,,4,The Diversity of Life,TRUE,,
שחזורים 2017 - מועד א',".מצאתם צמח אשר בו הספורופיט מתפתח על גבי גמטופיט, והספורופיט מהווה שלב קצר במחזור חיי הצמח. צמח זה משתייך לקבוצת",. אצות רב תאיות,טחביים (bryophytes,שרכים (ferns(,חשופי זרע,מכוסי זרע,,2,Biology of Plants,FALSE,,
שחזורים 2017 - מועד א',"בצמחים, בעקבות מיוזה מתפתח/ים:",גמטות,ספורות,מריסטמות ראשיות בעובר,תאי גזע מריסטמטים,תאי מין,,2,Biology of Plants,FALSE,,
שחזורים 2017 - מועד א',בגרף רואים ירידה ברמות הCO2 באטמוספירה. מה הסיבה העיקרית שגרמה לכך?,התפתחות הטחביים,התפתחות השרכיים,התפתחות הצמחים הפורחים,,,,2,Biology of Plants,FALSE,https://i.ibb.co/C7SGq0W/47.png,
שחזורים 2017 - מועד א',השאלה דיברה על הקמביום הוסקולרי,נוצרים בין תאי השיפה כלפי חוץ והעצה כלפי פנים בהתפתחות משנית,. עצה ושיפה ראשוניים שמהם מתפתחים עצה ושיפה שניוניים,,,,,?,Biology of Plants,FALSE,,
שחזורים 2017 - מועד א',.מהי רקמת היסוד tissue ground,רקמה הנמצאת במרכז השורש והגבעול ממנה מתפתח רקמות ההובלה,רקמה ממנה מתפתח השורש הנמצאת בקרקע (ground(,רקמה ממנה מתפתח כל רקמות הצמח,רקמה שממנה מתפתחים בין היתר הפרנכימה,הרקמה ממנה מתפתח הפרוקמביום,,4,Biology of Plants,FALSE,,
שחזורים 2017 - מועד א',.מה מופיע בתמונה?,חתך בגבעול דו פסיגי,חתך בגבעול חד פסיגי,חתך במריסטמה קודקודית של שורש,חתך בשורש דו פסיגי,. חתך בשורש חד פסיגי,,2,Biology of Plants,FALSE,https://i.ibb.co/bHGb7hW/50.png,
שחזורים 2017 - מועד א',מהמריסטימה הקודקודית(SAM (מתפתחים:,הנבט,"הפסיגים, העלים, הגבעול ומריסטמית התפרחת","העלים, הגבעול ומריסטמת התפרחת","העלים, הגבעול, השורש ומריסטמת התפרחת","הפסיגים, העלים, הגבעול, השורש ומריסטמת התפרחת",,3,Biology of Plants,FALSE,,
שחזורים 2017 - מועד א',מה הייתה ההיפותזה של גטה כאשר הוא הסתכל על איברי פרח?,עלים מותמרים,,,,,,1,Biology of Plants,FALSE,,
שחזורים 2017 - מועד א',במה תלויה תנועת הסוכרוז בצמח?,כניסה ויציאה של סוכרוז דרך נשאים בקרום התא של תאי השיפה,,,,,,1,Biology of Plants,FALSE,,
שחזורים 2017 - מועד א',שאלה על מים מזוקקים- כאשר מדגירים תא עם 4.0= -ψs במים מזוקקים מה נקבל?,ψp= 0.4 -ו ψs= -0.4,,,,,,1,Biology of Plants,FALSE,,
שחזורים 2017 - מועד א',בצמחים שיודעים לעשות אפומיקסיס מה יתקבל?,זרע ובתוכו עובר זהה גנטית לצמח האם,,,,,,1,Biology of Plants,FALSE,,
שחזורים 2017 - מועד א',.לפי מודל ה-abc איזה מהדור/דורים ייפגע בצמח הנושא מוטנט ל-A?,. דור ראשון,דור שני,דורים שני ושלישי,דורים ראשון ושני,דור שלישי,דורים ראשון ורביעי,4,Biology of Plants,FALSE,,
שחזורים 2017 - מועד א',לא בטוח: יש מוטנט stm שגורם לאי התפתחות של מריסטמה. כאשר מוסיפים ציטוקינין ברקע המוטנט ניתן לראות שהצמח הוא בעל מריסטמה. מה ההסבר הכי הגיוני?,הציטוקינין מדכא את השפעת ה-stm,הציטוקינין משרה את השפעת ה-stm,ה-stm מעודד את השפעת הציטוקינין,,,,3,Biology of Plants,FALSE,,
שחזורים 2017 - מועד א',האנדוספרם מתפתח מ____ ומטענו הגנטי הוא ____,"גרעין מרכזי ותא זרע , 3n","תא ספרם ותא זרע, 3n",,,,,1,Biology of Plants,FALSE,,
שחזורים 2017 - מועד א',על מה אחראי ההורמון ג'יברלין?,התפתחות השורש,התפתחות עלים,היווה חלק משמעותי במהפכה הירוקה,גורם לחלוקת תאים ועפצים,,,3,Biology of Plants,FALSE,,
שחזורים 2017 - מועד א',מה נכון?,. אור אדום גורם לחלבון הפיטוכרום להיכנס גרעין ולהשפיע על ביטוי גנים,אור אדום רחוק גורם לחלבון הפיטוכרום להיכנס גרעין ולהשפיע על ביטוי גנים,אור אדום גורם לחלבון הפיטוכרום להשפיע על ביטוי גנים,אותו דבר עם אור אדום רחוק ולא נכנס לגרעין,אור אדום רחוק הופך אותו לבעל יכולת לקלוט אור אדום רחוק,,1,Biology of Plants,FALSE,,
שחזורים 2017 - מועד א',"הרצפטור לאור אדום, פיטוכרום אינו מעורב ב:",גדילה גרוויטרופית (response gravitrophic,נביטת זרעים,תגובה להצללה (avoidance shade,מעבר לפריחה,פוטופיריודה (photoperiodism(,,1,Biology of Plants,FALSE,,
שחזורים 2017 - מועד א',"כאשר מכינים צמח טרנסגני בעזרת DNA-T ,מכניסים לצמח:",הורמונים,נופלינים,נופלינים + הורמונים,גן מטרה,חיידק האגרובקטריום,,4,Biology of Plants,FALSE,,
שחזורים 2017 - מועד א',כיצד הועשרו ערכי התזונה באורז מוזהב (rice golden?,בודדו זני בר חדשים עם ערכי תזונה משופרים,אורז עבר טרנספורמציה עם גנים המקודדים לוויטמין A,אורז עבר טרנספורמציה עם גנים המקודדים לבטא קרוטין (carotene β(,הוסיפו לו בטא קרוטין (carotene β(,הוסיפו לו ויטמין A,הכליאו ביו אורז מתורבת לאורז בר,3,Biology of Plants,FALSE,,
בחני מודל,"בצפון אירופה, אחד מכל 2500 תינוקות נולד עם מחלת הסיסטיק פייברוזיס. זו היא מחלה גנטית רצסיבית. בהנחה שהרבייה באוכלוסיית האדם בצפון אירופה היא אקראית ושאין זרימה גנטית, מה הוא שיעור נשאי המחלה בחברה (כלומר, שיעור האנשים שמחזיקים בגן למחלה אך אינם חולים בה בעצמם)?",אחד מכל 2500 אנשים (0.04%),אחד מכל 50 אנשים (2%),אחד מכל 25 אנשים (4%),1-(1/2500) <0.99,,,3,Evolution and Genomics,FALSE,,בוחן 1
בחני מודל,מהו מחזור השכפול הוויראלי? בחר את הסדר הנכון מימין לשמאל,"כניסה לתא, שכפול החומר הגנטי ויצירת חלבוני כפסיד, חשיפת חומר גנטי, הרכבה מחדש של הוירוס, יציאה מהתא.","כניסה לתא, שכפול החומר הגנטי ויצירת חלבוני כפסיד, הרכבה מחדש של הוירוס, חשיפת חומר גנטי, יציאה מהתא.","כניסה לתא, חשיפת חומר גנטי, שכפול החומר הגנטי ויצירת חלבוני כפסיד, הרכבה מחדש של הוירוס, יציאה מהתא.","כניסה לתא, שכפול החומר הגנטי ויצירת חלבוני כפסיד, חשיפת חומר גנטי, יציאה מהתא, הרכבה מחדש של הוירוס.",,,3,Evolution and Genomics,FALSE,,בוחן 1
בחני מודל,מצאתם מאובן של יצור מסויים בדרום אפריקה. לאחר כמה חודשים מצאתם מאובן של אותו היצור גם בדרום אמריקה. איך תסבירו בצורה הטובה והנכונה ביותר את רצף האירועים הזה?,פעילות אנושית הביאה לשינוי איזורי החיות של אורגניזמים שונים.,"נדידת יבשות הביאה להפרדתן של אפריקה ודרום אמריקה, שתי יבשות שהיו מחוברות יחדיו בעבר.",תנאי אקלים דומים בשני האזורים גרמו לאבולוציה מתבדרת (adaptive ralation) דומה.,נדידה של ציפורים לרוחבו של האוקיינוס האטלנטי,,,2,Evolution and Genomics,FALSE,,בוחן 1
בחני מודל,"לפי תאוריית דרווין, מה ההסבר הסביר לכך שלפרוש אוכל חרקים באיי גלפגוס יש מקור ארוך וצר?",באוכלוסיית הפרושים אוכלי חרקים הייתה שונות בתכונות המקור. מקור צר וארך הקל על הציפורים להגיע למזון. זה גרם לכך שציפורים עם מקור צר וארוך שרדו והתרבו יותר מציפורים עם מקור אחר.,"מקור צר וארוך מקודד ע""י גן דומיננטי ולכן הוא התקבע באוכלוסייה.",כדי להגיע לחרקים הפרושים דחפו את המקור שלהם לחרירים קטנים. בסופו של דבר זה גרם לשינוי בצורת המקור ומאז התכונה הזאת עברה בתורשה.,,,,1,Evolution and Genomics,FALSE,,בוחן 1
בחני מודל,"במאה ה-19 פותח רעל לשימוש נגד מכרסימים שהציפו את העיר ניו-יורק. אחרי הצלחה של מספר שנים בהורדת מספר המכרסמים, לצערם של תושבי העיר חזרו המכרסמים לפשוט על העיר. בהתבסס על מה שלמדנו בשיעור, אילו מהתאוריות הבאות יכולה להסביר עובדה זו?",המכרסמים מתרבים בקצב גבוה מה שמדלל את השפעת הרעל על האוכלוסייה.,כל התשובות אפשריות באותה מידה,"המכרסמים הם חיה אינטיליגנטית, חלקם למדו לזהות את ריח הרעל והעבירו בהורשה תכונה זו לצאצאים שלהם, שנמנעו בעקבות כך מלצרוך את הרעל.",חלק מהמכרסמים נשאו עמידות לרעל. תכונה זו הייתה תכונה גנטית ועברה בהורשה לצאצאים. שכיחות המכרסמים העמידים לרעל עלתה באוכלוסייה עם הזמן.,,,4,Evolution and Genomics,FALSE,,בוחן 1
בחני מודל,מדוע וירוסים נקראים טפילים אובליגטורים?,הם צריכים את התא המארח על מנת להתרבות,דנ״א ויראלי תמיד נכנס לתוך דנ״א התא המארח,הם הורגים כל תא אותו הם מדביקים,הם יכולים לשלב חומצות גרעין מוירוסים אחרים,הם חייבים להשתמש באנזימים המקודדים על ידי הוירוס עצמו,,1,Evolution and Genomics,FALSE,,בוחן 1
בחני מודל,"באוכלוסייה של פרות אנגליות בעלות קרניים קצרות קיימים 3 פנוטיפים המושפעים מגן בודד: פרות אדומות (RR), פרות לבנות (WW), ופרות מעורבות (RW). פרות אדומות הן הומוזיגוטיות לאלל R, פרות לבנות הן הומוזיגוטיות לאלל W ואילו פרות מעורבות הן הטרוזיגוטיות . ערכתם תצפית על אוכלוסייה גדולה של פרות והבחנתם כי 36% מהפרות אדומות, 16% מהפרות לבנות ואילו 48% מהפרות מעורבות. מה היא תדירות האללים באוכלוסיית הפרות?","R = 0.36, W = 0.16","R = 0.6, W = 0.4","R = 0.5, W = 0.5",אי-אפשר לקבוע את תדירותו של כל אחד מהאללים על סמך המידע הזה בלבד,,,2,Evolution and Genomics,FALSE,,בוחן 1
בחני מודל,"נניח שיש אלל דומיננטי (A) הגורם למחלת הבדדת (מלשון בידוד כמובן), אנו יודעים שבאוכלוסייה 1 מתוך 400 איש מתנהל כרגיל ואינו חולה במחלה (aa). הרבייה באוכלוסיית היא אקראית ואין זרימה גנטית, כמה אחוז מהאוכלוסייה בעל האלל הדומיננטי?",0.08,0.05,0.95,0.000025,,,3,Evolution and Genomics,FALSE,,בוחן 1
בחני מודל,איזה מהשלבים הבאים לא קיים במחזור חיי הוירוס:,תרגום/רפליקציה של החומר הגנטי של התא המארח,תרגום חלבוני קפסיד,הרכבה עצמית ויציאה מהתא המארח,השלת מעטפת הוירוס,,,1,Evolution and Genomics,FALSE,,בוחן 1
בחני מודל,"חוקר מערכות הגיע לפנטה חדשה וגילה את ארבעת היצורים החדשים הללו. לאחר שנודע לו שיצור A הוא הפרימיטיבי ביותר, החוקר שלנו מחליט להשתמש בו בתור קבוצה חיצונית לניתוח פילוגנטי. איזו תכונה או קבוצת תכונות תורמת לפתרון היחסים בין היצורים הללו?",עיניים,עמוד שדרה,רגליים ועיניים על מחושים,"עיניים, רגליים, ועיניים על מחושים",כל התכונות תורמות למטרה זו,,3,Evolution and Genomics,FALSE,https://i.imgur.com/1bJ2CDL.png,תרגול עצמי שיעור 5
בחני מודל,"חוקר מערכות הגיע לפנטה חדשה וגילה את ארבעת היצורים החדשים הללו. לאחר שנודע לו שיצור A הוא הפרימיטיבי ביותר, החוקר שלנו מחליט להשתמש בו בתור קבוצה חיצונית לניתוח פילוגנטי. איזו תכונה או קבוצת תכונות לא תורמת לפתרון היחסים בין היצורים הללו?",עמוד שדרה ואנטנות,רגליים ועיניים על מחושים,"עיניים, עמוד שדרה present, ואנטנות",עיניים,"לא רלוונטי, כל התכונות תורמות",,3,Evolution and Genomics,FALSE,https://i.imgur.com/1bJ2CDL.png,תרגול עצמי שיעור 5
בחני מודל,"חוקר מערכות הגיע לפלנטה חדשה וגילה את ארבעת היצורים החדשים הללו. לאחר שנודע לו שיצור A הוא הפרימיטיבי ביותר, החוקר שלנו מחליט להשתמש בו בתור קבוצה חיצונית לניתוח פילוגנטי. התכונה ""רגליים absent"" תחשב",A synapomorphy,A pleisiomorphy,A autapomorphy,אף תשובה אינה נכונה,,,2,Evolution and Genomics,FALSE,https://i.imgur.com/1bJ2CDL.png,תרגול עצמי שיעור 5
בחני מודל,"חוקר מערכות הגיע לפלנטה חדשה וגילה את ארבעת היצורים החדשים הללו. לאחר שנודע לו שיצור A הוא הפרימיטיבי ביותר, החוקר שלנו מחליט להשתמש בו בתור קבוצה חיצונית לניתוח פילוגנטי. התכונה ""עמוד שדרה present"" תחשב",A synapomorphy,A pleisiomorphy,A autapomorphy,אף תשובה אינה נכונה,,,3,Evolution and Genomics,FALSE,https://i.imgur.com/1bJ2CDL.png,תרגול עצמי שיעור 5
בחני מודל,"חוקר מערכות הגיע לפלנטה חדשה וגילה את ארבעת היצורים החדשים הללו. לאחר שנודע לו שיצור A הוא הפרימיטיבי ביותר, החוקר שלנו מחליט להשתמש בו בתור קבוצה חיצונית לניתוח פילוגנטי. התכונה ""עיניים על מחושים present"" תחשב",A synapomorphy,A pleisiomorphy,A autapomorphy,אף תשובה אינה נכונה,,,1,Evolution and Genomics,FALSE,https://i.imgur.com/1bJ2CDL.png,תרגול עצמי שיעור 5
בחני מודל,איזה תשובה מתארת קבוצה מונופילטית (monophyletic/clade)?,"אבות קדמונים המיוצגים ע""י נק' התפצלות 4 ו- 7, brown bear, polar bear ","אבות קדמונים המיוצגים ע""י נק' התפצלות 5 ו- 6, Sun bear, American black bear, Asian black bear","sun bear, sloth bear, spectacled bear",,,,2,Evolution and Genomics,FALSE,https://i.imgur.com/0W1fSM2.png,תרגול עצמי שיעור 5
בחני מודל,איזה מין דוב התפתח ראשון באבולוציה לפי העץ הפילוגנטי?,Polar bear,Spectacled bear,Sloth bear,Giant bear,,,2,Evolution and Genomics,FALSE,https://i.imgur.com/0W1fSM2.png,תרגול עצמי שיעור 5
בחני מודל,ב 2008 חוקרים בנו עץ פילוגנטי של 8 מיני דובים הקיימים בטבע. העץ נבנה לפי רצפי DNA של משפחת Ursidae. איזו נקודת התפצלות בעץ הפילוגנטי מייצגת את האב הקדמון הקרוב ביותר לכל הדובים?,נק' התפצלות 1,נק' התפצלות 2,נק' התפצלות 3,נק' התפצלות זו לא מופיעה בעץ,,,1,Evolution and Genomics,FALSE,https://i.imgur.com/0W1fSM2.png,תרגול עצמי שיעור 5
בחני מודל,מצא את המין אחות (sister taxon) של ה- polar bear.,Brown bear,"אב קדמון המיוצג ע""י נק' התפצלות 7",Asian black,American black,,,1,Evolution and Genomics,FALSE,https://i.imgur.com/0W1fSM2.png,תרגול עצמי שיעור 5
בחני מודל,"מבין האופציות למטה, איזה מין הוא הקרוב ביותר מבחינה אבולוציונית ל- sun bear?",Polar bear,Sloth bear,Sloth bear וה- Polar bear קרובים באותה מידה ל- Sun bear,,,,1,Evolution and Genomics,FALSE,https://i.imgur.com/0W1fSM2.png,תרגול עצמי שיעור 5
בחני מודל,מה נכון לפי העץ הפילוגנטי?,תנינים (crocodile) קרובים יותר ללטאות (lizard) מאשר לציפורים (bird).,תנינים (crocodile) קרובים יותר לציפורים (bird) מאשר ללטאות (lizard).,תנינים (crocodile) קרובים באותה מידה לציפורים (bird) וללטאות (lizard).,תנינים (crocodile) קרובים ללטאות (lizard) אך אין להם קרבה כלל לציפורים (bird).,,,2,Evolution and Genomics,FALSE,https://i.imgur.com/KAlUqnC.png,תרגול עצמי שיעור 5
בחני מודל,איזה עץ פילוגנטי יוצא דופן בהקשר לקרבה שהוא מתאר בין הקבוצות המוצגות?,a,b,c,d,,,1,Evolution and Genomics,FALSE,https://i.imgur.com/3dWiuxC.png,תרגול עצמי שיעור 5
בחני מודל,"לפי התרשים: איזו קטגוריה טקסונומית מכילה הכי מעט
מינים?",Animalia,Panthera ,Felidae,Carnivora,Mammalia,,2,Evolution and Genomics,FALSE,https://i.imgur.com/wssL6gD.png,תרגול עצמי שיעור 5
בחני מודל,"לאב הקדמון המשותף לכל המינים המוצגים בעץ הפילוגנטי היו זנב ארוך, תנוך אוזן, אשכים חיצוניים וטפרים מקובעים. על סמך העץ ובהנחה שכל השינויים האבולוציוניים בתכונות אלו מוצגים בעץ, אלו תכונות יש לאריה ים (sea lion)?","זנב ארוך, תנוך אוזן, אשכים חיצוניים וטפרים מקובעים","זנב קצר, אין תנוך אוזן, אשכים חיצוניים וטפרים מקובעים","זנב קצר, אין תנוך אוזן, אשכים תוך בטניים וטפרים מקובעים","זנב קצר, תנוך אוזן, אשכים תוך בטניים וטפרים מקובעים","זנב ארוך, תנוך אוזן, אשכים תוך בטניים וטפרים נשלפים",,4,Evolution and Genomics,FALSE,https://i.imgur.com/RAFfXgT.png,תרגול עצמי שיעור 5
בחני מודל,איזה עץ פילוגנטי יוצא דופן בהקשר לקרבה שהוא מתאר בין הקבוצות המוצגות?,a,b,c,d,,,3,Evolution and Genomics,FALSE,https://i.imgur.com/DWft93O.png,תרגול עצמי שיעור 5
בחני מודל,"איזה נק' מייצגת את האב הקדמון הקרוב ביותר, משותף לפטרייה (mushroom) ולספוג (sponge)?",a,b,c,d,,,4,Evolution and Genomics,FALSE,https://i.imgur.com/OLO2WZ9.png,תרגול עצמי שיעור 5
בחני מודל,"חוקר מערכות הגיע לפנטה חדשה וגילה את ארבעת היצורים החדשים הללו. לאחר שנודע לו שיצור A הוא הפרימיטיבי ביותר, החוקר שלנו מחליט להשתמש בו בתור קבוצה חיצונית לניתוח פילוגנטי. איזה עץ נקבל לפי השיטה: Cladistic method?",a,b,c,d,,,2,Evolution and Genomics,FALSE,https://i.imgur.com/ECQYOVM.png,תרגול עצמי שיעור 5
בחני מודל,על סמך העץ הפילוגנטי הנתון איזה מן העצים (א-ד) אינו נכון?,א,ב,ג,ד,,,4,Evolution and Genomics,FALSE,https://i.imgur.com/IObu5W0.png,תרגול עצמי שיעור 5
בחני מודל,"כאשר מתארים אב קדמון וחלק מהמינים שהתפתחו ממנו, זאת דוגמה ל",קבוצה מונופילטית,קבוצה פוליפילטית,קבוצה פאראפילטית,,,,3,Evolution and Genomics,FALSE,,תרגול עצמי שיעור 5
בחני מודל,"כאשר משווים המצאות שיער על עור של יונקים לחוסר שיער בחולייתנים אחרים, זאת דוגמה של",מאפיין סינאפומורפי (Synapomorphy),מאפיין סימפליסיאומורפי (Symplesiomorphy),מאפיין פאראפילטי (paraphyletic),מאפיין פוליפילטי (polyphyletic),,,1,Evolution and Genomics,FALSE,,תרגול עצמי שיעור 5
בחני מודל,מה נכון לפי העץ הפילוגנטי?,אצות ירוקות (green alga) קרובות יותר לאצות אדומות (red alga) מאשר לטחבים (moss),אצות ירוקות (green alga) קרובות יותר לטחבים (moss) מאשר לאצות אדומות (red alga).,אצות ירוקות (green alga) קרובות באותה מידה לאצות אדומות (red alga) ולטחבים (moss).,אצות ירוקות (green alga) קרובות לאצות אדומות (red alga) אך אין להם קרבה כלל לטחבים (moss).,,,2,Evolution and Genomics,FALSE,https://i.imgur.com/710tC52.png,תרגול עצמי שיעור 5
בחני מודל," אם היינו מוסיפים פורל (trout) לעץ הפילוגנטי, באיזו נק' לדעתך הקו שלו היה מתחבר? (פורל הוא לא בעלי סנפירים בשרניים)",a,b,c,d,e,,3,Evolution and Genomics,FALSE,https://i.imgur.com/pXeEuup.png,תרגול עצמי שיעור 5
בחני מודל,"בשנות ה 60 הגיע הדג  Cynotilapia afra לאי באגם מלאווי. מאז התפצלה אוכלוסיית
הדגים לשתי קבוצות נבדלות גנטית בצידו הצפוני והדרומי של האי. איך ניתן לקבוע האם
שתי אוכלוסיות אלו הן מינים נפרדים?","לבדוק האם לשתי האוכלוסיות יש מאפיינים מורפולוגיים שונים: צבע, מבנה עצמות וכו'.",לוודא שבין שתי האוכלוסיות יש הבדלים גנטיים.,לבדוק האם פרטים משתי האוכלוסיות יכולים להעמיד צאצאים פוריים.,,,,3,Evolution and Genomics,FALSE,,תרגול עצמי שיעור 6
בחני מודל,מפגש מחודש בין שתי אוכלוסיות שמקורן באותו מין והיו מבודדות אחת מהשניה יכול להוביל ל,ספציאציה אלופאטרית,ליצירת אזור היברידי,ספציאציה סימפאטרית,מחסום טרום-זיגוטי,,,2,Evolution and Genomics,FALSE,,תרגול עצמי שיעור 6
בחני מודל,שני מינים של צפרדעים המשתייכים לאותה משפחה יכולים להזדווג אך הצאצאים לא מצליחים לבקוע. מה המכניזם שמונע משני מינים אלו ליצור אוכלוסייה היברידית?,מחסום פוסט-זיגוטי שנקרה חוסר חיוניות של היבריד,מחסום פוסט-זיגוטי שנקרה  שבר היבריד,מחסום טרום- זיגוטי שנקרה עקרות היבריד,מחסום גמטי,,,1,Evolution and Genomics,FALSE,,תרגול עצמי שיעור 6
בחני מודל,מה ההגדרה של אזור היברידי?,אזור חפיפה אקולוגי/בית גידול בין שני מינים קרובים.,אזור בו שני מינים קרובים מזדווגים ומעמידים צאצאים חיים.,אזור בו ניתן לראות שינוי הדרגתי בהרכב המינים על הגבול בין שתי אקוסיסטמות.,אזור עליו ההיברידים מותאמים יותר מאשר כל אחד ממיני ההורים.,,,2,Evolution and Genomics,FALSE,,תרגול עצמי שיעור 6
בחני מודל,"קיפודי ים מתרבים ע""י שחרור המוני גמטות לעמודת המים שצפות בחופשיות ומופצות בעיקר ע""י
הזרם. איזה מנגנון של בידוד רבייה משפיע על קיפודי הים?",בידוד התנהגותי או מכני,בידוד בזמן או גמטי (gametic isolation),בידוד מרחבי,,,,2,Evolution and Genomics,FALSE,,תרגול עצמי שיעור 6
בחני מודל,ישנם שני נחשים דומים מאוד חיצונית. הראשון חיי באוקיינוס והשני במדבריות צפון אמריקה. איזה מחסום רבייה מצביע על כך שככל הנראה מדובר על שני מינים נפרדים?, מחסום התנהגותי,מחסום גמטי (gametic isolation),מחסום אקולוגי/בית גידול,הפרדה בזמן,,,3,Evolution and Genomics,FALSE,,תרגול עצמי שיעור 6
בחני מודל,"""עקרון המין ביולוגי""(the biological species concept) אינו ישים כאשר מדובר ב",צמחים,פרזיטים,יצורים ללא רבייה מינית,אוכלוסיות סימפאטריות,,,3,Evolution and Genomics,FALSE,,תרגול עצמי שיעור 6
בחני מודל,סביר יותר שתתרחש ספיציאציה במצבים של,סימפטריה,אנטיפטריה,אלופטריה ,קופטריה,,,3,Evolution and Genomics,FALSE,,תרגול עצמי שיעור 6
בחני מודל,אלו מהמשפטים הבאים נכון לגבי פוליפלואידיות (polyploidy) והתמינות (ספציאציה) חופפת מקום (Sympatric speciation)?,פוליפלואידיות יכולה ליצור מינים ביולוגים חדשים בצורה חופפת מקום תוך דור אחד.,פוליפלואידיות נפוצה יותר בצמחים מאשר בבעלי חיים,פוליפלואידיות יוצרת מחסום פוסט-זיגוטי (postzygotic barrier),א+ב,א+ג,א+ב+ג,6,Evolution and Genomics,TRUE,,בוחן 2
בחני מודל,איזה משפט נכון לגבי איקריוטים?,חואנופלגלאט (Choanoflagellates) הם לא פרוטיסטים,רב תאיות התפתחה פעם אחת במהלך האבולוציה של האיקריוטים,אנדוסימביוזה משנית קרתה בדיוק פעמיים במהלך האבולוציה של איקריוטים,פרוטיסטים הם מונופילטיים,יש פרוטיסטים שחיים בהדדיות (symbiosis) עם המארח (host) שלהם,,5,The Diversity of Life,FALSE,,בוחן 2
בחני מודל,מי מהבאים נכון לגבי הספיציאציה של תולעת התפוח Rhagoletis pomonella?,הצורות השונות של תולעת התפוח הן בעצם מינים אמיתיים שאינם מתרבים אחד עם השני אם נמצאים באותה מארח. ,"למרות שעץ התפוח הוכנס לאמריקה לפני 400 שנה, הגזעים השונים של תולעת התפוח לא פיתחו שום הסתגלות המתאימה לזמני יצירת הפרי השונים של המארחים שלהם.","הגזעים הסימפטריים של תולעת התפוח אכן מתפצלים, ועשויים להיות בדרך להפוך למינים נפרדים.",כל התשובות נכונות,,,3,The Diversity of Life,FALSE,,בוחן 2
בחני מודל,איזה משפט נכון לגבי X באיור הבא?,X מייצג מיקוריזה ארבוסקולרית (arbuscular mycorrhizae),X מייצג חזזית,האינטראקציה של X עם המארח מייצגת טפילות,א+ג,ב+ג,,1,The Diversity of Life,TRUE,https://i.imgur.com/Z2UVjBU.png,בוחן 2
בחני מודל,איזה משפט הכי מדויק בנוגע לאנדוסימביוזה ראשונית של פלסטידות?,זהו תהליך בו תא אאוקריוטי עוטף תא אאוקריוטי פוטוסינטטי,זהו תהליך בו תא אאוקריוטי עוטף תא חיידקי פוטוסינטטי,זהו תהליך בו תא חיידקי עוטף תא אאוקריוטי פוטוסינטטי,,,,2,The Diversity of Life,FALSE,,בוחן 2
בחני מודל,"במחזור החיים הבא מה מציינות האותיות A, B, C ו D?","A פלסמוגמיה (Plasmogamy)
B קריוגמיה (Karyogamy)
C גמטות (gametes)
D הטרוקריון (Heterokaryon)","A מייצג מיוזה (meiosis)
B מייצג הפרייה (Fertilization)
C גמטות (gametes)
 D זיגוטה (zygote)","A מייצג הפרייה (Fertilization)
B מייצג מיוזה (Meiosis)
C גמטות (gametes)
D הטרוקריון (Heterokaryon)","A מייצג הפרייה Fertilization
B מייצג מיוזה Meiosis
C גמטות (gametes)
 D זיגוטה (zygote) ","A מייצג מיוזה (Meiosis)
B הפרייה (Fertilization)
C זיגוטה (zygotes)
D גמטות (gametes)",,4,The Diversity of Life,FALSE,https://i.imgur.com/mwN3SZg.png,בוחן 2
בחני מודל,"איזה נקודה בעץ הבא מייצגת את האב הקדמון הקרוב ביותר המשותף לArthropoda, Annelida  ול Rotifera? ",E,B,D,C,A,,2,Evolution and Genomics,FALSE,https://i.imgur.com/vXlJFSY.png,בוחן 2
בחני מודל,"לפניכם עץ של חולייתנים. כל העלים שבאופן מסורתי נחשבים ""דגים"" מסומנים בצהוב. איזה סוג של קבוצה היא ""דגים""?",פאראפילטית,סינאפומורפית,מונופילטית,פלייסומורפית,,,1,Evolution and Genomics,FALSE,https://i.imgur.com/MlzrBTL.png,בוחן 2
בחני מודל,"את/אתה מבצע/מבצעת ניתוח קלדיסטי (cladistic analysis) על המכרסמים שלהלן. ידוע שטקסון (taxon) A הוא יותר מרוחק מכל האחרים, כלומר A יכול לשמש כקבוצה חיצונית (outgroup).","נוכחות של אוזניים ארוכות, זנב עבה ושערי, פסים, רגליים ארוכות ושערות שפם ארוכות",נוכחות של אוזניים ארוכות,נוכחות של רגליים ארוכות ושערות שפם ארוכות,"נוכחות של פסים, רגליים ארוכות ושערות שפם ארוכות",נוכחות של אוזניים ארוכות וזנב עבה ושעיר,,5,Evolution and Genomics,FALSE,https://i.imgur.com/jjJbhR1.png,בוחן 2
בחני מודל,"במחזור החיים הבא מה מציינות האותיות A, B, C ו D?","A מייצג הפלואיד (Haploid (n)), B דיפלואיד (Diploid (2n)), C זיגוטה (zygote),
D גמטות (gametes)","A מייצג דיפלואיד (Diploid (2n)), B הפלואיד (Haploid (n)), C גמטות (gametes),
D הטרוקריון (Heterokaryon)","A מייצג הפלואיד (Haploid (n)), B דיפלואיד (Diploid (2n)), C גמטות (gametes),
D זיגוטה (zygote)","A מייצג דיפלואיד (Diploid (2n)), B הפלואיד (Haploid (n)), C הטרוקריון (Heterokaryon), D זיגוטה (zygote)","A מייצג דיפלואיד (Diploid (2n)), B הפלואיד (Haploid (n)), C גמטות (gametes),
D זיגוטה (zygote)",,5,The Diversity of Life,FALSE,https://i.imgur.com/jxXTFKR.png,בוחן 2
בחני מודל,"החיצונית ביותר משכבות הנבט בעוברי בעלי חיים; היא המקור לכיסוי החיצוני, ובקבוצות מסוימות,המקור למערכת העצבים, נקראת:",בלסטופור blastopore,אנדודרם endoderm,מזודרם mesoderm,אקטודרם ectoderm,,,4,The Diversity of Life,FALSE,,בוחן 3
בחני מודל,קרובי המשפחה הקרובים ביותר לבעלי-חיים הם,כואנופלגלטים (Choanoflagellates),פטריות (Fungi),נוקלארידים (Nuclearids),ספוגים (Sponges),,,1,The Diversity of Life,FALSE,,בוחן 3
בחני מודל,להלן תבנית הגוף (body plan) של חיה בשם Dentalium laqueatum. לאיזה מערכה (phylum) היא שייכת?,קווצי עור (echinoderms),רכיכות (mollusks),איצטלנים (tunicates),תולעים שטוחות (platyhelminthes),תולעים טבעתיות (annelids),,2,The Diversity of Life,FALSE,https://i.imgur.com/7wZ9Xm3.png,בוחן 3
בחני מודל,איזו מהתופעות הבאות לא ידועה במערכת התולעים השטוחות (Platyhelminthes)?,מינים החיים חופשית במים,טפילות,נשימה באמצעות זימים,נוכחות חלל  העיכול/gatrovascular cavity,,,3,The Diversity of Life,FALSE,,בוחן 3
בחני מודל,"בעל-החיים לעיל הינו תולעת טבעתית (An annelid), לכן נצפה שיהיה לו-",מערכת דם סגורה,ריאות,משננת (Radula),מערכת עיכול לא שלמה,,,1,The Diversity of Life,FALSE,https://i.imgur.com/O6yaAUL.png,בוחן 3
בחני מודל,מה משותף לתולעים טבעתיות (Annelida) ותולעים שטוחות (Platyhelminthes)?,בשתי הקבוצות יש מערכת דם סגורה,בשתי הקבוצות יש רק פתח אחד למערכת העיכול,"לשתי הקבוצות לרווה דומה, והן שייכות ל-Lophotrochozoa",בשתי הקבוצות אין צלום (הם אצלומטים – Acelomates),,,3,The Diversity of Life,FALSE,,בוחן 3
בחני מודל,"בשלב ההתפתחותי המוצג בתמונה, D הוא:",אקטודרם - Ectoderm,אנדודרם - Endoderm,ארכאנטרון - Archenteron,בלסטופור - Blastopore,,,4,The Diversity of Life,FALSE,https://i.imgur.com/vrGxGdD.png,בוחן 3
בחני מודל,"החלל מצופה האנדודרם, הנוצר במהלך גסטרולציה, אשר מתפתח לצינור העיכול של בעל החיים נקרא:",בלסטופור (Blastopore),חלל גוף (Body cavity),צלום (Coelum),בלסטוצל (Blastocoel),ארכאנטרון (Archenteron),,5,The Diversity of Life,FALSE,,בוחן 3
בחני מודל,בעל חיים השייך לראשוני הפה המשיל את עורו שייך ל:,אקדיסוזואה Ecdysozoa,לופוטרוכוזואה Lophotrochozoa,דיפלובלסט Diploblast,אין חיה כזאת,,,1,The Diversity of Life,FALSE,,בוחן 3
בחני מודל,פתח הארכאנטרון בגסטרולה שמתפתח לפה בקדמוני הפה ולפי הטבעת בשניוני הפה נקרא?,ארכאנטרופור (Archentopore), בלסטוצל (Blastocoel),חלל גוף (Gastropore),בלסטופור (Blastopore),צלום (Coelum),,4,The Diversity of Life,FALSE,,בוחן 3
בחני מודל,מי מהבאים אינה תכונה שקיימת אצל זוחלים?,לסת תחתונה המורכבת מעצם אחת ,התפתחות דויטרוסטום (deuterostome),"חוסר זימים, פרט לכמה מינים אקווטים",ביצה שפירית (amniotic egg),האגן מאוחה לעמוד השדרה,,1,The Diversity of Life,FALSE,,בוחן 4
בחני מודל,נמטודות קרובות ביותר אל ______,Platyhelminthes - תולעים שטוחות,פרוקי רגליים - Arthropoda,Annelids - תולעים טבעתיות,מייתרנים - Chordates,,,2,The Diversity of Life,FALSE,,בוחן 4
בחני מודל,מקור הלסת בחולייתנים לסתניים (gnathostomes) הוא- ,קשת הזימים,עצמות התומכות את הגולגולת,מיתר הגב (notochord),עצמות סנפירים בחזה,,,1,The Diversity of Life,FALSE,,בוחן 4
בחני מודל, מי מהתכונות הבאות משותפת לכל היונקים והעופות?,שפיר (Amnion),חלב,לב עם ארבעה חדרים (A four chambered heart),מערכת נשימה הכוללת שקי אויר (air sacs),א+ג,,5,The Diversity of Life,TRUE,,בוחן 4
בחני מודל,איזו מההצהרות הבאות על תולעים נימיות אינה נכונה?,נמטודות לא מצויות בבתי גידול ימיים,אין להן מערכת דם,הן כוללות מינים רבים שהם טפילים של צמחים וחיות,הן מתפקדות בפירוק ומחזור חומרי הזנה,,,1,The Diversity of Life,FALSE,,בוחן 4
בחני מודל,איזה מהתכונות הבאות קיימות בצפרדעים?,שיערות המכילות קרטין,ידיים עם אצבעות ,שלפוחית אויר,ביצה שפירית (amniotic egg),,,2,The Diversity of Life,FALSE,,בוחן 4
בחני מודל, איזה מהמשפטים הבאים שגוי,ציפורים הם צאצאים של קבוצת הדינוזאורים,איצטלנים (Tunicata) הם מיתרניים (chordates) שמאבדים את המיתר בהפיכה לבוגר,מיקסינות (Myxines) הם בעלי חוליות ללא חוליות,נחשים הם בעלי-ארבע-רגליים (tetrapodes ) בלי רגליים,יונקי ביב (Monotremata ) הם יונקים ללא חלב,,5,The Diversity of Life,FALSE,,בוחן 4
בחני מודל, מה נכון לגבי Australopithecus afarensis?,הם יישבו את אירופה (colonized Europe), היה להם מוח גדול,הם הלכו על שתי רגליים,א+ב+ג נכונים,אף תשובה אינה נכונה,,3,The Diversity of Life,TRUE,,בוחן 4
בחני מודל,"צמד, כריש, לטאה וארנב חולקים את כל המאפיינים הבאים חוץ מ:",חוליות ,לסתות עם מפרקים,חוט עצבים חלול גבי,פתחי זימים בעובר,,,2,The Diversity of Life,FALSE,,בוחן 4
בחני מודל,סידקי זימים לועיים(Pharyngeal gill slits) התפתחו לראשונה לצורכי- ,נשימה,אכילה בסינון (filter feeding),תמיכה בחלל הפה (buccal cavity),יצירת רקמה של בלוטות,,,2,The Diversity of Life,FALSE,,בוחן 4
בחני מודל,"לפי מה שלמדתם בשיעורים, אנטיביוטיקה מסוג פנצילין תעבוד בצורה היעילה ביותר כנגד:",חיידקים גראם שליליים,בקטריופאג'ים,חיידקים גראם חיוביים,טפילים חד תאיים,,,3,The Diversity of Life,FALSE,,בוחן 5
בחני מודל,"קיבלנו 2 דגימות שונות של חיידקים מבית החולים,ידוע לנו שאוכלוסייה 1 בעלת עמידות לאנטיביוטיקה X בניגוד לאוכלוסייה 2 שאינה עמידה.  ביצענו ניסוי בשלבים: חלק א- חשפנו כל אוכלוסייה לאנטיביוטיקה X למשך שעתיים ואז - לקחנו דגימה מכל אוכלוסייה (שמרנו חלק קטן בהקפאה).

חלק ב- לאחר חלק א ,גידלנו את הדגימות יחד (2 האוכלוסיות מעורבבות עכשיו) למשך שלושה ימים (ללא אנטיביוטיקה) ביום הרביעי הוספנו אנטיביוטיקה וחיכינו יום.

חלק ג- בסוף היום החמישי לקחנו דגימה של חיידקים ומצאנו ששתיי האוכלוסיות עמידות לאנטיביוטיקה X.

 איזה מסיח הכי מחזק את ההשערה שהיה תהליך של העברת גנים אופקית (LGT/HGT) בין אוכלוסיה 1 לאוכלוסיה 2:",אוכלוסייה 1 לאחר חלק א נמצאה עמידה לאנטיביוטיקה X,אוכלוסייה 2 לאחר חלק א נמצאה עמידה לאנטיביוטיקה X,אוכלוסייה 2 בעלת F Factor  בכרומוזום שלה,אוכלוסייה 1 בעלת F Factor  בכרומוזום שלה,,,4,The Diversity of Life,FALSE,,בוחן 5
בחני מודל,באילו 2 דרכים פרוקריוטים השפיעו עליך לטובה היום? סמן 2 תשובות!,הם ביצעו פוטוסינטזה בתוך המעיים שלי.,הם יצרו חומרים שחשובים לפעילות המוח התקינה שלי.,"הם פיתחו עמידות לאנטיביוטיקה, שהופכת אותם לנסבלים יותר.",הם עזרו לפרק את האוכל שאכלתי היום.,,,"2,4",The Diversity of Life,FALSE,,בוחן 5
בחני מודל,"כשטרנספוזום עובר ממקומו המקורי בדנ""א התא הוא:",עובר טרנספורמציה לתוך תא אחר,לעולם משנה את הרצף שלו תוך כדי המעבר מהמקום המקורי לחדש,לעיתים משאיר עותק במקום המקורי,"לעולם עובר במלואו ממקום אחד לאחר (לא משאיר שום רצפי דנ""א במקום המקורי)",,,3,The Diversity of Life,FALSE,,בוחן 5
בחני מודל,מה ייחודי בדופן התא הבקטריאלי?,הרכב הכולל חלבונים וסוכרים,שכבה של פפטידוגליקנים,שתי שכבות של ממברנות,,,,2,The Diversity of Life,FALSE,,בוחן 5
בחני מודל,"יצאתם החוצה לסיבוב קצר 100 מטר מחוץ לבית (לא התעדכנתם לגבי ההקלות בהנחיות) ,נרדמתם על ספסל רחוב בשמש ,קרינת השמש פגעה במספר נוקלאוטידים באזור לא מקודד לחלבון בתא עור מסוים שלכם, לפי מה שלמדתם בשיעור רוב הסיכויים שמוטציה זו היא:","מטיבה, כלומר משפרת את תפקוד התא","מזיקה, כלומר פוגעת בתפקוד התא","ניטרלית,כלומר אין לה השפעה על תפקוד התא",,,,3,The Diversity of Life,FALSE,,בוחן 5
בחני מודל,איזה מהבאים הוא איננו מנגנון העברת גנים לטרלי?,קוניוגציה,טרנספורמציה,קרינה,טרנסדוקציה,,,3,The Diversity of Life,FALSE,,בוחן 5
בחני מודל,החיידק הלא-פתוגני Nonus harmfulus החי במעי רכש עמידות לאנטיביוטיקה אמפיצילין. איזה מהמשפטים הבאים הוא הנכון ביותר? ,"מכיוון שהבקטריה אינה פתוגנית, אין כל נזק",ישנו סיכון להעברת העמידות לאנטיביוטיקה לחיידק פתוגני באמצעות העברת גן אופקית lateral gene transfer)),"רכישת עמידות לאנטיביוטיקה מגבירה את המגוון הגנטי של החיידק,ויכולה לשפר את תפקודו כחיידק מעי",,,,2,The Diversity of Life,FALSE,,בוחן 5
בחני מודל,מהי התשובה הנכונה בנוגע לספורה (spore)?,תצורה של התא שמאפשרת העברת לאטרלית של חומר גנטי.,תצורה של התא שמאפיינת חיידקי גראם חיוביים בלבד בכדי לשרוד בתנאי סביבה קשים. כשתנאי הסביבה ישתפרו החיידקים יוכל לחזור ולתפקד.,תצורה של התא שמאפיינת חיידקים בזמן התרבות. בסיום הרבייה החיידק חוזר לצורתו המקורית,"תצורה של התא שמאפיינת חיידקים בזמן עקה, המאופיינת בדופן קשיח ועצירת פעילות מטאבולית.",,,4,The Diversity of Life,FALSE,,בוחן 5
בחני מודל,"חשפת במעבדה זבוב דרוזופילה בוגר לריכוז גבוה של חומר המזרז יצירת מוטציות, באחת הגמטות של אותו הזבוב נוצרה מוטציה מזיקה בגן HOX כלשהו, למה נצפה?",גני HOX מאד חשובים ולכן הזבוב ימות,נצפה לראות בעיה עתידית בהתפתחות העובר המקושר לאותה הגמטה,"לא נצפה לראות כלום, גני HOX ידועים ביכולת תיקון נזקים גנטיים",נצפה לפגיעה בהתפתחות של אותו הזבוב כתוצאה מהמוטציה הזו,,,2,The Diversity of Life,FALSE,,בוחן 5
בחני מודל,"היחס שבין  ספורופיט לגמטופיט בטחב , הינו כמו היחס שבין:",אח לאחות,סב לנכדו,דוד לאחיין,הורה לילד ,שני בני דודים,,4,Biology of Plants,FALSE,,בוחן 6
בחני מודל,"מי מהמשפטים הבאים מתאר את הגורמים שתרמו להצלחתם של צמחי זרעים, על פי סדר הופעתם באבולוציה, כפי שמשתקף מתיעוד מאובנים?
(סדר את הופעת התהליכים באופן כרונולוגי ממוקדם למאוחר, מימין לשמאל)","זרעים, מערכות הובלה, פרחים, קוטיקולה","קוטיקולה, זרעים, פרחים, מערכות הובלה","קוטיקולה, מערכות הובלה, זרעים, פרחים","מערכות הובלה, קוטיקולה, זרעים, פרחים",,,3,Biology of Plants,FALSE,,בוחן 6
בחני מודל,מדוע במיני צמחים רבים מתקיימת תרדמת זרעים?,מאחר ותרדמת זרעים מאריכה את משך חייו של צמח ספורופיטי,מאחר ותרדמת זרעים מאפשרת לזרעים לנבוט כאשר התנאים הם מיטביים לנביטה,מאחר ותרדמת זרעים מבטיחה כי הנבט לא יתחרה בהורה שלו,מאחר ותרדמת זרעים מבטיחה כי נבט לא יינבט בהעדר מקורות מזון בסביבה,,,2,Biology of Plants,FALSE,,בוחן 6
בחני מודל,הגורם הסלקטיבי העיקרי במעבר של צמחים מהים ליבשה הוא:,מים,נוטריינטים,אור,מציאת בן-זוג לצורך התרבות,,,3,Biology of Plants,FALSE,,בוחן 6
בחני מודל,"במי מבין קבוצות הצמחים הבאות, הספורופיט תלוי בתזונתו בגמטופיט מטמיע (המבצע פוטוסינטזה)?",שרכים,טחביים,קשקשניים (Lycophytes),קלמופיטיים (Horsetails),,,2,Biology of Plants,FALSE,,בוחן 6
בחני מודל,הגמטופיט הינו:,שלב דומיננטי במהלך מחזור החיים של מרבית הצמחים  היבשתיים,שלב דומיננטי רק במחזור חייהם של צמחים בקבוצת השרכיים,שלב דומיננטי במהלך מחזור חייהם של טחבים,שלב מינורי במהלך מחזור חייהם של טחבים ושרכים,,,3,Biology of Plants,FALSE,,בוחן 6
בחני מודל,"צמחים שבהם התפתחו מערכות הובלה במהלך האבולוציה הינם בעלי יתרון תחרותי אל מול  צמחים שאינם בעלי מערכות הובלה, זאת מאחר והן מאפשרות:",התרבות דרך ספורות,אגירת מים,גדילה לגובה,פיתוח פיוניות,תמיכה בגמטופיט גדול יותר,,3,Biology of Plants,FALSE,,בוחן 6
בחני מודל,לאחר מיוזה בטחבים מתפתח/ת:,תא מין,ספורה,תא ספורופיטי,תא ניצן,,,2,Biology of Plants,FALSE,,בוחן 6
בחני מודל,מי מהמשפטים הבאים הוא הנכון ביותר?,"פרחים הם איבר שתומך בהאבקה, הפרייה והתפתחות הזרע והפרי.",פרחים הם איבר שתומך בתהליך ההפריה בלבד.,פרחים הם איבר שנועד למשוך מאביקים.,פרחים הם איבר הנמצא בכל צמחי הזרעים.,,,1,Biology of Plants,FALSE,,בוחן 6
בחני מודל,"לפניכם ארבע ההתאמות שהופיעו במהלך האבולוציה של צמחים:

קוטיקולה, מערכות הובלה, זרעים ופרחים.

מבין המסיחים בטבלה, מי מציין את קבוצות הצמחים המתאימה לשלב האבולוציוני הבא (מסומן בקו בטבלה)?",(ferns (and relatives - שרכים,(bryophytes (mosses - טחביים,flowering plants - צמחים פורחים,gymnosperms - חשופי זרע,,,1,Biology of Plants,FALSE,https://i.imgur.com/JoeDlSo.png,בוחן 6