מקור,שאלה,תשובה 1,תשובה 2,תשובה 3,תשובה 4,תשובה 5,תשובה 6,תשובות נכונות,נושא,הערות
מודל - בוחן ראשון,איזה מהבאים מהווה דוגמא ל- bioremediation?,הוספה של מיקראורגניזמים שפעולתם מנמיכה את החשיפה לאורניום וכרומיום,שימוש בדחפורים על מנת ליצור מכרות להוצאת מינרלים מן הקרקע,להטות זרימה של נהר על מנת לשקם סביבה שניזוקה,הוספה של מיקרואורגניזמים מקבעי חנקן לסביבה על מנת להעלות את זמינותו,,,1,אקולוגיה,
מודל - בוחן ראשון,מה המשפט הלא נכון בנוגע למגוון המינים על איים:,"ככל שהאי גדול יותר, הסיכוי להכחדת מין נמוך יותר","ככל שהאי מבודד יותר, יהיו בו יותר מינים","ככל שמספר המינים באי באי גדול יותר, הסיכוי להגירת מין חדש קטן יותר",עושר המינים יהיה הגבוה ביותר באי גדול שקרוב ליבשת,,,2,אקולוגיה,
מודל - בוחן ראשון,"בדוגמא של הציפור ממין שכווי ערבות, מהי הסיבה העיקרית לכך שהמין בסכנת הכחדה באילנוי?","תחרות עם מינים דומים, שהביא האדם ממקומות אחרים בצפון אמריקה",גודל אוכלוסיה מקורי גדול גרם לניצול יתר של משאבים ולכן האוכלוסיה נהייתה יותר ויותר מצומצמת,בעיה בפוריות שגרמה לגודל אוכלוסיה קטן ומגוון גנטי מצומצם,בית גידול שלא היה מותאם לצרכים של ציפורים ממין זה,,,3,אקולוגיה,
מודל - בוחן ראשון,"איזו רמת תדירות של הפרעה (disturbance) לסביבה, צפויה לגרום למגוון המינים הגבוה ביותר בסביבה מסויימת?",תדירות ביניים,"תדירות הפרעה מינימלית, כזו שלא משנה את הרכב החברה",תדירות גבוהה,תדירות הפרעה לא משפיעה על המינים בצורה צפויה,,,1,אקולוגיה,
מודל - בוחן ראשון,לאיזה מהבאים יש את ההשפעה הרבה ביותר על קצב של מעגלים ביוכימיים?,יעילות טרופית של האקוסיסטמה,מיקום מאגרי הנוטריינטים באקוסיסטמה,קצב פירוק החומרים באקוסיסטמה,יעילות הייצור של הצרכנים באקוסיסטמה,,,3,אקולוגיה,
מודל - בוחן ראשון,מהו האיום המשמעותי ביותר על המגוון הביולוגי?,"זיהום של האוויר, המים והקרקע בכדור הארץ",הכרת מינים חדשים שמתחרים עם מינים מקומיים,ניצול יתר של מינים הרגישים להכחדה,הרס בתי גידול,,,4,אקולוגיה,
מודל - בוחן ראשון,ההבדל בין הייצור הראשוני ברוטו (Gross primary production) לייצור הראשוני נטו (Net primary production) הוא:,היחס בין ביומסת היצרנים לזו של הצרכנים,GPP הוא ברמת התא ו- NPP ברמת האורגניזם,האנרגיה שיצרנים ראשוניים משקיעים במטבוליזם ונשימה,האנרגיה שמאוחסנת ברקמה צמחית,,,3,אקולוגיה,
מודל - בוחן ראשון,איזו מהדוגמאות הבאות מבטאות top-down control?,השפעה של טמפרטורה על תחרות בין צמחים,השפעה של כמות הצוף בצמח על הכשירות של הדבורה,"השפעה של היקף הרעייה (grazing) ע""י הבייזון על מגוון הצמחייה",כל התשובות נכונות,,,3,אקולוגיה,
מודל - בוחן ראשון,מה הוא התפקיד החשוב ביותר של אורגניזמים המבצעים פוטוסינתזה במערכת אקולוגית?,ייצור רקב עבור אורגניזמים מפרקים,המרת חומרים אנאורגניים לחומרים אורגנים,ספיגה של קרינה מזיקה מהשמש,"ייצור נוטריינטים שונים, בעיקר חנקן וזרחן",,,2,אקולוגיה,
מודל - בוחן ראשון,מה מהבאים אינו נכון בנוגע למעגל החנקן?,בתהליך דניטריפיקציה חנקן משתחרר חזרה לאטמוספירה,"בגלל שמעגל החנקן הינו תהליך טבעי, לאדם אין השפעה על תהליך בסדר גודל שכזה",ניטריפיקציה הוא תהליך בו אמוניה מתחמצנת ומתקבל ניטראט,תוספת חנקן לבית הגידול גורמת לצמצום מגוון המינים,,,2,אקולוגיה,
שחזורים - 2016 מועד א',מה מהבאים הוכחה לכך שלכל היצורים יש אותו אב קדמון?,קיומו של גרעין תא,קיומם של כלורופלסטים,קיומם של ריסים,קיום של קוד גנטי זהה,,,3,,
שחזורים - 2016 מועד א',"מה נכון לגבי כל היפותזה מדעית טובה?
",שניתן לבחון אותה,שניתן להפריך אותה,שניתן לענות עליה בתשובה מספרית,שניתן יהיה לחזור על התוצאות של ניסוי הבוחן אותה,1+2 נכונות,3+4 נכונות,5,,
שחזורים - 2016 מועד א',אלו מהיסודות הבאים מרכיבים 96% מהחומר החי?,"נתרן,אשלגן,מימן, חמצן","פחמן,מימן, חנקן, חמצן",משהו עם סידן?,"פחמן, חמצן, נתרן ומימן",,,2,,
שחזורים - 2016 מועד א',מה נכון לגבי קשר פולארי?,האלקטרונגטיביות של היסודות המרכיבים אותו דומה,האלקטרונגטיביות של היסודות המרכיבים אותו שונה,אין קשר בין אלקטרונגטיביות לקשר פולארי,אף תשובה אינה נכונה,,,2,כימיה של החיים,
שחזורים - 2016 מועד א',מהם הקשרים הנותנים למים את תכונותיהם הייחודיות?,קשרי ואן דר וואלס,קשרי מימן,קשרים יוניים,קשרי פחמן,,,2,כימיה של החיים,
שחזורים - 2016 מועד א',מהי קוהזיה?,קשרים קוולנטיים בין מולקולות זהות,קשרים לא קוולנטיים בין מולקולות זהות,קשרים קוולנטיים בין מולקולות שונות,קשרים שאינם קוולנטיים בין מולקולות שונות,,,2,,
שחזורים - 2016 מועד א',מהם איזומרים?,מולקולות בעלות מסה שונה ומבנה מרחבי זהה,מולקולת בעלות מסה שונה ומבנה מרחבי שונה,מולקולות בעלות מסה זהה ומבנה מרחבי שונה,מולקולות בעלות מסה זהה ומבנה מרחבי זהה,,,3,,
שחזורים - 2016 מועד א',פחמן יכול ליצור...,עד 4 קשרים,עד 3 קשרים,עד שני קשרים,קשר אחד,,,1,,
שחזורים - 2016 מועד א',גליקוגן בנוי מתת יחידות של,חומצות אמינו,שומנים,סוכר,,,,3,ביולוגיה של התא,
שחזורים - 2016 מועד א',הקשר בין חומצות אמינו במבנה הראשוני של חלבון הוא:,קשר קוולנטי,קשר יוני,קשרי ואן דר ואלס,קשרי מימן,,,1,כימיה של החיים,
שחזורים - 2016 מועד א',מהו תהליך שיש בו רק אנרגיה פוטנציאלית ולא אנרגיה קינטית?,חיפושית זוחלת בחיפוש אחר מזון,מים נופלים במפלי הניאגרה,מולקולת גלוקוז,גחלילית הפולטת אור,,,??,,
שחזורים - 2016 מועד א',נוסח השאלה: הציור היה שאנרגיה מקטבוליזם נכנסת למעגל של ADP+P ← ATP ובין ה-ATP ל-ADP+P זה אנרגיה לשימוש לעבודה תאית (הציור היה ללא מולקולת המים),ADP ו-Pi עוצרים אנרגיה מהשלב הקטבולי (משהו כזה),ATP מתווך בין האנרגיה מהמזון לאנרגיה לעבודת התא,,,,,2,,
שחזורים - 2016 מועד א',"התגובה של הנשימה התאית, מה נכון?","חמצן מתחזר ופד""ח מתחמצן",גלוקוז מתחמצן וחמצן מתחזר,"חמצן מתחמצן ופד""ח מתחזר",חמצן מתחמצן ומים מתחזרים,,,2,ביולוגיה של התא,
שחזורים - 2016 מועד א',נוסח השאלה: מה ההבדל בפוטוסיתזה בין צמחים מסוג C4 לבין צמחים מסוג C3?,"צמחי C4 מגיעים לרוויה בקיבוע פד""ח יותר מהר מצמחי C3",נק' הקומפנסציה של צמחי C4 גבוהה יותר משל C3,צמחי C4 יעשו פוטוסיתזה רק כשיהיה ריכוז גבוה של פחמן דו חמצני (או הפוך…),צמחי C3 צורכים יותר אנרגיה בקיבוע פחמן דו חמצני מאשר צמחי C4 משום שאין להם את חלבון pep.,,,??,,
שחזורים - 2016 מועד א',מה הקשר בין פוטוסינתזה לנשימה?,פוטוסינתזה משתמשת באותו מסלול ביוכימי של נשימה רק בצורה ההפוכה,פוטוסינתזה עוצרת אנרגיה במולקולות אורגניות ונשימה משחררת אנרגיה אצורה ממולקולות אורגניות,"נשימה מתרחשת רק בחיות, פוטוסינתזה רק בצמחים",,,,2,,
שחזורים - 2016 מועד א',מה הבסיס של מעגל קלווין?,?,?,ליצור סוכרים קטנים מ CO2,?,,,3,ביולוגיה של התא,
שחזורים - 2016 מועד א',איך מתרחשת רבייה א-מינית?,הפרייה,החלפת כרומוזומים בין תאים שונים,מיוזה,מיטוזה,שבר בכרומוזומים,,4,,
שחזורים - 2016 מועד א',מדענית השוותה בין שני תא רגיל לתא אחר וראו שבשני יש פי 1.5 יותר DNA. באיזה שלב התא השני נמצא?,G2,M,אנאפאזה,S,,,4,,
שחזורים - 2016 מועד א',מה ההסבר הכי סביר לכך שיש תא עם מספר גרעינים?,התא עבר מספר מיטוזות ולא עבר ציטוקנזה,התא עבר מספר שלבי S לפני שהתחלק,,,,,1,,
שחזורים - 2016 מועד א',לא זוכרת את המיקום של השאלה אבל היא הייתה משהו כמו איפה מתעכל מה שנאכל בפאגוציטוזה?,ליזוזום,ואקואולה,,,,,1,ביולוגיה של התא,
שחזורים - 2016 מועד א',"יש לו מיטוכונדריה, אנזימים ואין לו ממברנת גרעין. מה ההסבר הכי טוב לכך?",חיידק,תא בשלב המטאפאזה,,,,,2,,
שחזורים - 2016 מועד א',מה מאפיין מטאפזה,הכרומוזומים מסתדרים בequator,הגמטות נפרדות,הצנטרומר מתפרק,,,,1,,
שחזורים - 2016 מועד א',מה התפקוד העיקרי של פוספורילציה בתקשורת בין תאית?,אקטיבציה של חלבון G,יצירת קונפורמציות בחלבונים,אי-אקטיבציה של חלבון G,,,,1,,
שחזורים - 2016 מועד א',הורמון אסטרוגן אצל נשים משפיע במספר מקומות בו זמנים באופן שונה. מה מהבאים יכול להסביר זאת,רק לחלק מהאים יש רצפטור להורמון,הוא נקשר לרצפטור של חלבונים חוצי ממברנה בתאים שונים והתגובה של כל תא שונה,התגובה של תא בו ההורמון נקשר לקולטנים תוך תאיים משתנה מתא לתא,,,,3,,
שחזורים - 2016 מועד א',מה היא דוגמה טובה להורשה מרובת גנים?,פיגמנטים בתאי עור של בני אדם,סוג דם בבני אדם ABO,,,,,1,,
שחזורים - 2016 מועד א',למה מתכוונים שאומרים שהDNA הוא דגנטרטיבי redundant?,לכל חומצה אמינית יש יותר מקודן אחד שמקודד עבורה,?,?,,,,1,,
שחזורים - 2016 מועד א',מה ההבדל בין הכלאה מונוהיברידית להכלאה דוהיברידית?,הכלאה מונוהיברידית היא בין דור אחד ובהכלאה דוהיברידית יש שני דורות,בהכלאה מונוהיברידית יש רק הורה אחד ובדוהיברידית יש שני הורים,בהכלאה דוהיברידית יש שני הורים שהם הטרוזיגוטים לשתי תכונות ובהכלאה מונוהיברידית יש הורה אחד שהוא הומוזיגוט לתכונה אחת,,,,3,,
שחזורים - 2016 מועד א',"מה נכון לגבי מיקומי מקרו מולקולות בתא בתא? 
",ה-RNA בציטוזול חופשי לגמרי,בתאים צמחיים יש DNA מחוץ לגרעין ולמיטוכונדריה,,,,,2,,
שחזורים - 2016 מועד א',מהו מרחק מפה 1??,מרחק בו השכיחות של גנים שיעבור רקומבינציה הוא אחוז אחד,מרחק פיזי בין גנים,שכיחות רקומבינציה עבור גנים שלא נמצאים בתאחיזה,מרחק של ננומטר אחד,,,3,,
שחזורים - 2016 מועד א',"יש תרופה שפוגעת בפולימרציה של סיבי אקטין, איזה מהתהליכים הבאים ימשך?",ציטוקינזה,תנועת התא,תנועת וזיקולות (Vesicles) אל הגולג'י,התכווצות שרירים,,,4,,
שחזורים - 2016 מועד א',מי החוקר/ים שגילה שכמות הA שווה לכמו הT בDNA,3 מדענים,צ'ארגף,מתיו ועוד מישהו,הרשי וצ'ייס,,,2,,
שחזורים - 2016 מועד א',גבר חולה במחלה בתאחיזה לכרומוזום x. למי יוריש אותו?,לכל ילדיו,לכל בניו,לכל בנותיו,למחצית מבניו,,,3,,
שחזורים - 2016 מועד א',מורגן הכליא בין זבובי דרוזופילה עם עיניים אדומות. ב-F1 התקבלו זבובים עם עיניים אדומות אך גם לבנות. מורגן שם לב כי כל הזבובים עם העיניים הלבנות היו זכרים. מה זה אומר על אופן ההורשה של גן עיניים לבנות?,אוטוזומי אבל משפיע רק על זכרים,אחוז ל-X,אחוז ל-Y,,,,2,,
שחזורים - 2016 מועד א',מהו חלבון הטופואיזומראז,"להוריד את הלחץ על החלק של הדנ""א שלפני ואחרי מזלג השכפול",,,,,,1,,
שחזורים - 2016 מועד א',למה אומרים על DNA שהוא אנטיפארללי,"כי הגדילים מסודרים כך שכשבקצה של אחד מהם יש 3', אז בשני 5' ולהפך. כיוונים נגדיים",,,,,,1,,
שחזורים - 2016 מועד א',"דוקטורנט שובב מחליט לבצע ניסוי. הוא לוקח mRAN , מוריד ממנו את ה5 cap וזנב הpoly-A שלו, ומכניס אותו לתוך ציטוזול של תא אחר. מה לדעתך הכי סביר שיקרה?","יסותנז חלבון מהmRNA, אבל לאט.",הmRNA ינדוד לגרעין התא.,הmRNA יושמד כי הוא ללא הגנה בקצוות.,,,,1,,
שחזורים - 2016 מועד א',"כאשר הרפרסור לאופרון הטריפטופן מפסיק את השעתוק של האופרון, הוא?",נקשר לאינדיוסר,נקשר לפרומוטור,נקשר לרפרסור עצמו?,קשור לטריפטופן,לא קשור לטריפטופן,,?,,
שחזורים - 2017 מועד א',איך יודעים שהמקור של כל הצאצאים הוא מאב קדום משותף?,לכולם יש DNA שמורכב מאותו קוד גנטי,ריסים,לכולם יש מבנה תא זהה,את כולם ניתן לחקור מדעית,,,1,,
שחזורים - 2017 מועד א',באיזומרים מבניים:,המסה המולקולרית שונה; התכונות הפיזיקליות שונות,המסה המולקולרית זהה; התכונות הפיזיקליות שונות,המסה המולקולרית שונה; התכונות הפיזיקליות דומות,המסה המולקולרית זהה; התכונות הפיזיקליות דומות,,,2,,
שחזורים - 2017 מועד א',מהי קוהזיה?,מולקולות מאותו סוג שעושות קשרים קוולנטיים,מולקולות מאותו סוג שעושות קשרים לא קוולנטיים,מולקולות שונות שעושות קשרים קוולנטיים,מולקולות שונות שעושות קשרים לא קוולנטיים,,,2,,
שחזורים - 2017 מועד א',מה אפשר להגיד על האטומים בתמונה? (הופיעה דיאגרמת לואיס של CH4),האלקטרונגטיביות של האטום המרכזי גבוה משל המקיפים אותו,האלקטרונגטיביות של האטום המרכזי נמוכה משל המקיפים אותו,האלקטרונגטיביות של האטום המרכזי דומה משל המקיפים אותו,לא ניתן לדעת מה האלקטרונגטיביות,,,1,,
שחזורים - 2017 מועד א',איזה קשרים יכולה לבצע המולקולה המופיעה בשאלה הקודמת?,קשרים יוניים,קשרי ואן דר ואלס,קשרי מימן,קשרי פחמן,,,2,,
שחזורים - 2017 מועד א',הקשרים בין חומצות אמינו במבנה הראשוני של החלבון הם:,קשרים קוולנטים,קשרי מימן,קשרים יוניים,קשרים פולריים,,,1,,
שחזורים - 2017 מועד א',כאשר נוצר קשר בין שתי חומצות אמינו :,נוצר קשר בין קבוצה אמינית לקבוצה הידרוקסילית ונפלטת מולקולת מים,נוצר קשר בין קבוצה אמינית לקבוצה הידרוקסילית ונקלטת מולקולת מים,נוצר קשר בין קבוצה אמינית לקבוצה קרבוקסילית ונפלטת מולקולת מים,נוצר קשר בין קבוצה אמינית לקבוצה קרבוקסילית ונקלטת מולקולת מים,,,3,,
שחזורים - 2017 מועד א',במים נוזליים ; כל מולקולת מים יכולה לקשור?,עד 3 מולקולות מים בקשר קוולנטי,עד 3 מולקולות מים בקשרי מימן,עד 4 מולקולות מים בקשרי מימן,עד 4 מולקולות מים בקשר קוולנטי,,,3,,
שחזורים - 2017 מועד א',מאיזה מונומרים בנוי עמילן?,סוכרים,חומצות שומן,חומצות אמינו,שומנים,,,1,,
שחזורים - 2017 מועד א',היווצרות חלבונים; פחמימות וטרי-גליצרידים מתרחשים בתהליך של:,הידרציה,דה- הידרציה,קוהזיה,?,,,2,,
שחזורים - 2017 מועד א',יש ציור של קבוצת מתיל ושואלים איזו קבוצה זו,קבוצת הידרוקסיל שניתן למצוא במשקאות אלכוהוליים,קבוצת פוספט ש...,קבוצת מתיל שיודעת להשפיע על ביטוי גן,קבוצת צד שקובעת את אופי החלבון,,,3,,
שחזורים - 2017 מועד א',מה נכון לגבי הציור (ציור של אננטיומרים),תכונות ביולוגיות זהות,נקודת התכה זהה,נקודת קיטוב אור זהה,יכולת היקשרות לקולטן זהה,,,2,,
שחזורים - 2017 מועד א',עבור חומצת שומן טראנס; בה מיקום הקשר הכפול ואורך השרשרת זהה:,נקודת ההתכה שלה תהיה יותר גבוהה משל חומצות שומן cis,נקודת ההתכה שלה תהיה נמוכה משל חומצות שומן cis,נקודת ההתכה שלהן תהיה זהה,לא ניתן לקבוע,,,1,,
שחזורים - 2017 מועד א',מי מהבאים יתפקד טוב יותר בטמפרטורה גבוהה?,צמחי C3,צמחי C4,צמחים בעלי נקודת הקומפנסציה הגבוהה יותר,א+ג,ב+ג,,2,,
שחזורים - 2017 מועד א',פוטון באורך גל nm670 נקלט בעליו של צמח. מה נכון:,ייווצר ATP ו NADPH כי PSI קולט אורך גל עד 700nm,ייווצר רק מפל פרוטונים בריכוז נמוך יותר,האלקטרונים יקלטו רק בPSII וייווצר מפל פרוטונים חלש יותר,לא תיתכן קליטת אלקטרונים לnm680 במרכז הריאקציה,,,1,,
שחזורים - 2017 מועד א',מה נכון לגבי ההבדל בין צמחי C4 ו C3:,צמחי C4 יגיעו לרוויה בקיבוע CO2 יותר מהר,צמחי C4 הם בעלי נקודת קומפנסציה גבוהה יותר,צמחי C4 יבצעו קיבוע CO2 בריכוזים גבוהים יותר של CO2 מאשר צמחי C3,בעוצמות גבוהות של אור; צמחי C3 מקבע CO2 טוב יותר,צמחי C3 צריכים יותר אנרגיה לקיבוע CO2 כי הם חסרים את אנזים PEP,,1,,
שחזורים - 2017 מועד א',מה המשפט הנכון לגבי הקשר בין פוטוסינתזה לנשימה התאית?,פוטוסינתזה משתמשת באותו המסלול הביוכימי כמו הנשימה תאית רק בצורה הפוכה,פוטוסינתזה היא תהליך קטבולי ונשימה תאית אנאבולי,פוטוסינתזה אוצרת אנרגיה במולקולות אורגניות ונשימה משחררת אנרגיה האצורה במולקולות אורגניות,נשימה מתרחשת רק בחיות; פוטוסינתזה רק בצמחים,פוטוסינתזה מתרחשת רק באאוקריוטים ונשימה תאית מתרחשת באאוקריוטים ופרוקריוטיים,,3,,
שחזורים - 2017 מועד א',מה נכון לגבי גוף ביולוגי שנמצא במצב של שיווי משקל?,אין לו יכולת לבצע עבודה,האנרגיה הקינטית שלו שווה ל0,הוא צורך אנרגיה במצב של שיווי משקל,הוא פולט אנרגיה במצב של שיווי משקל,,,1,,
שחזורים - 2017 מועד א',איזה מהפעולות הבאות לא כלולה בKelvin cycle?,חימצון של NADPH,פליטת O2,"זרחון ע""י ATP",שחזור של RuBP,,,2,,
שחזורים - 2017 מועד א',אדם נושם סיבי אסבסט שנכנסים לתאים בתהליך של פאגוציטוזה. באיזה אברון סיבים אלו מתפרקים?,מיטוכונדריה,ריבוזום,ליזוזום,פרוקסיזום.,,,3,,
שחזורים - 2017 מועד א',מה נכון לומר לגבי תהליך שעובר הcdk במיטוזה?,מזרחן לחלבון בכניסה לפאזה G1,פעילותו משתנה לאורך המעגל,הוא מזרחן את עצמו,הוא עובר שינוי טרנספורמציה,הוא עובר חמצון,,4,,
שחזורים - 2017 מועד א',איפה נוצרים חלבונים מלבד הריבוזומים החופשיים והE.R?,גרעין התא,כלורופלסט,גולג'י,פרוקסיזום,תווך בין תאי,,2,,
שחזורים - 2017 מועד א',Pi וADP משמשים כמקור אנרגטי להנעת תהליכים קטבוליים,ATP משמש כמתווך להעברת אנרגיה מתהליך קטבולי לפעילות תאית,תהליכים קטבוליים משחררים ישירות אנרגיה לפעילות תאית,ADP הינה מולקולה אורגנית עתירת אנרגיה,,,,1,,
שחזורים - 2017 מועד א',איזה מוטציה צפויה להפחית את הולכת הסיגנל של רצפטור טירוזין קינאז?,שמחליפה שיירי טירוזין בפניל אלנין בשייר הציטוזולי של הרצפטור,הפחתה של אנדוציטוזה של הרצפטור והסעתו לליזוזומים,שמפחיתה את משיכת הRTK לחלבוני פוספטאז,הגברה של הדימרציה,שמגבירה את קישור הRTK ל ATP באופן יעיל יותר לרצפטור,,1,,
שחזורים - 2017 מועד א',מה נכון לגבי פעילות משאבת אלקטרונים בתא?,זרחון של המשאבה מגביר את הזיקה שלה לNa+,דה-פוספורילציה של המשאבה מחלישה את הזיקה ל K+,מוציאה יוני Na+ החוצה על ידי קשירת ATP,קישור של מולקולת ATP משחרר K+ מהתא,מכניסה יוני Na+ לתא על ידי קשירת ATP,,2,,
שחזורים - 2017 מועד א',"איזה מהתהליכים הבאים מתרחשים בקישור של מולקולת סיגנל אפינפרין לרצפטור ע""י חלבון G ( GPCR)?",זירוז החלפת GDP בGTP עי Adenylyl cyclase,הידרוליזה של ATP לADP עי Adenylyl cyclase,הפיכה של GDP לGTP עקב קשירת Adenylyl cyclase לחלבון G,הפיכה של ADP לATP על גבי חלבונים בתא עקב נוכחות של Adenylyl cyclase,קישור של cAMP להפעלת PKA,,5,,
שחזורים - 2017 מועד א',מה נבדק בשלב הM-checkpoint?,תרגום RNA,שלמות מעטפת הגרעין,קשירת מיקרוטובולי לכרומוזומים,שכפול DNA,קשירת סיבי אקטין,,3,,
שחזורים - 2017 מועד א',מתי מתרחשת חלוקה בלתי תלויה של כרומוזומים הומולוגיים? Law of independent assortment,בחלוקה ראשונה של מיוזה 1,במיטוזה ובחלוקה במיוזה 2,במיטוזה ובחלוקה במיוזה 1,במיוזה 2 בלבד,,,1,,
שחזורים - 2017 מועד א',מה מאפיין את תהליך האפופטוזיס ביצורים רב תאיים?,התהליך קורה רק במחלה,עיבוד פרוטאוליטי (Proteolytic Cascade) של קספז,שמירה על המורפולוגייה התאית,תוכן התא נשפך החוצה ומשפיע על תאים שכנים,,,2,,
שחזורים - 2017 מועד א',מה מאפיין סיגנל המועבר פרקרינית?,קשר פיזי בין התאים,דיפוזיה של מולקולת סיגנל,קשירה של ליגנד הידרופובי,קולטן המגיב לרצפטורים תוך תאיים,חלוקת החומר הציטופלזמטי בין התאים,,2,,
שחזורים - 2017 מועד א',מה לא נכון לגבי תאים בפרוקריוטיים?,יש להם ריבוזומים,יש להם מיטוכונדריה,יש להם ממברנה תאית,יש להם רשת אנדופלסמית (Endoplasmic Reticulum),יש להם דופן,,4,,
שחזורים - 2017 מועד א',מה מבין הבאים הוא דוגמא לאנרגיה פוטנציאלית אבל לא קינטית?,מולקולת גלוקוז,חיפושי שזוחלת בחיפוש אחר מזון,גחלילית שמפיצה אור,מים שנופלים במפלי הניאגרה,,,1,,
שחזורים - 2017 מועד א',מה מאפיין את שלב הG0?,יש סינתוז של DNA (שכפול) ויש סינתוז של mRNA (שעתוק),אין סינתוז של DNA ויש סינתוז של mRNA,אין סינתוז mRNA ויש יצירת חלבונים,אין סינתוז של mRNA ואין תרגום לחלבונים,,,2,,
שחזורים - 2017 מועד א',מה מאפיין רצפטורים של הורמונים (כמו אלדסטורון וטסטוסטרון,לא מסיס במים,יכולים להיקשר לRNA ומשפיעים על התרגום,יכולים להיקשר לDNA ומשפיעים על השעתוק,חוצה ממברנה,,,3,,
שחזורים - 2017 מועד א',בשיעור הראשון בגנטיקה למדנו על גנטיקה ואינפורמציה. על פי סידני ברנר; כיסא אינו יצור חי מכיוון ש:,כיסא לא זז,לא כל הכיסאות דומים. יש הרבה כיסאות שונים,כיסא לא מגיב עם הסביבה; לא מתקן את עצמו אם נשבר,כיסא אינו כולל בתוכו הוראות פנימיות לשכפול עצמי,,,4,,
שחזורים - 2017 מועד א',יצור מבצע רבייה מינית. הגן E אחראי לצבע העיניים והגן N לאורך הצוואר. הגנים לא בתאחיזה. הגנוטיפ של הייצור הוא EeNn. מה נוכל למצוא בגמטה של היצור?,EeNn,Ee,EN,N,,,3,,
שחזורים - 2017 מועד א',איזה מהדוגמאות הבאות היא דוגמא לפוליגניות שמשתנה עקב מגע עם הסביבה?,אינטליגנציה של בנאדם,מורפולוגיה של אפון,צבעו של פרח,סוג דם,,,1,,
שחזורים - 2017 מועד א',בניסוי הזבובים של מורגן התקבלו צאצאים בדור F1 עם עיניים אדומות ורק לזכרים עיניים לבנות. מה אפשר ללמוד מכן?,הגן מקושר לכרומוזום Y,הגן הינו אוטוטרופי,הגן מצומד לכרומוזום X,הגן הינו גן דומיננטי אבל משפיע רק על זכרים,,,3,,
שחזורים - 2017 מועד א',נתון כי המרחק בין שני גנים על כרומוזם הוא 15; מה זה אומר?,15% מהצאצאים יעברו ריקומבינציה לגן,יש מרחק של 15 נוקלאוטידים בינהם,הגנים לא בתאחיזה,ישנו מרחק של 15 ננומטר בין הגנים,,,1,,
שחזורים - 2017 מועד א',מה מאפיין הכלאה מונוהיברידית (monohybrid) לעומת הכלאה דוהיברידית (dihybrid)?,הכלאה מונוהיברידית מערבת הורה אחד והכלאה דיהברידית שני הורים,הכלאה מונוהיברידית היא לדור אחד והכלאה דיהיברידית היא לשני דורות,בהכלאה מונוהיברידית ההורים הטרוזיגוטיים לגן אחד ובדיהיברידית ההורים הטרוזיגוטיים לשני גנים,היצור מסוגל להתרבות ברבייה א-מינית,,,3,,
שחזורים - 2017 מועד א',גבר שנושא אלל מסויים על כרומוזום X שלו יוריש אותו ל:,כל בנותיו,חצי מבנותיו,כל בניו,כל צאצאיו,,,1,,
שחזורים - 2017 מועד א',מי מהבאים אחראי על התגלית הבאה? כמות הT=A וכמות הG=C,רוזלין פרנקלין,נוני מוזס,הרשי וצ'ייס,ארווין שרגרף,סידני ברנר,,4,,
שחזורים - 2017 מועד א',כיצד הפנוטיפ של דור F1 תמיד הראה את אחד מהפנוטיפים של דור ההורים(P0),?,?,?,אחד האללים היה דומיננטי,,,4,,
שחזורים - 2017 מועד א',מה מהבאים מאפיין תאים פרוקריוטים ואינו קיים באאוקריוטים?,טלקינזיס,פוליאדנילציה,תורשה כרומוזומלית,שחבור (Splicing) של הRNA,צימוד ישיר בין שעתוק לתרגום,תרגום של הRNA לחלבונים מחוץ לגרעין.,5,,
שחזורים - 2017 מועד א',ברבייה שהראתה פנוטיפים שונים מההורים Incomplete dominance:,הפנוטיפים של ההורים הם הטרוזיגוט והומוזיגוט,משהו על זה שזה נדיר אז המדענים התעלמו מזה,?,?,,,1,,
שחזורים - 2017 מועד א',מה התופעה באברציה כרומוזומלית בה חתיכה מכרומוזום אחד עברה לכרומוזום אחר,deletion,inversion,duplication,טרנסלוקציה,,,4,,
שחזורים - 2017 מועד ב',כדי להבין את תהליך התורשה; עלינו להבין את מבנה הדנא. משפט זה מסמל איזה עקרון בביולוגיה?,Reductionism,תכונות מתגלות (Emergant Properties),וויסות משוב (Feedback Regulation),אבולוציה,,,1,,
שחזורים - 2017 מועד ב',מה ההבדל בין תיאוריה להיפותזה?,תיאוריה מסמלת רעיון כללי והיפותזה היא רעיון נקודתי,היפותזה מסמלת רעיון כללי ותיאוריה היא רעיון נקודתי,תיאוריה מוכחת הופכת לאמת מדעית; היפותזה מוכחת הופכת לתיאוריה,אין הבדל בין תיאוריה להיפותזה,,,1,,
שחזורים - 2017 מועד ב',בבדיקת דימות ((mri נעשה שימוש באיזוטופים לא רדיואקטיביים כמו C13. מה ההבדל בינו לבין C12?,מספר שונה של פרוטונים,מספר שונה של אלקטרונים,תשובות א+ב,אף אחת מהתשובות אינה נכונה,,,4,,
שחזורים - 2017 מועד ב',מבנים פחמימנים (Hydrocarbons) מסוגלים לבצע:,קשרי מימן,קשרי פחמן,קשרי ואן דר ואלס,קשרים יוניים,,,3,,
שחזורים - 2017 מועד ב',חומצות שומן מורכבים מ:,פחמן בלבד,פחמן ומימן בלבד,פחמן; מימן וחמצן בלבד,פחמן; מימן; חמצן וחנקן בלבד,,,3,,
שחזורים - 2017 מועד ב',פפטידים בנויים מ:,חומצות אמינו,חומצות גרעין,סוכרים,ליפידים,,,1,,
שחזורים - 2017 מועד ב',גליצרולים; פחמימות וחלבונים מתפרקים בתהליך של,דהידרציה,הידרוליזה,דגנרציה,גליקוליזה,,,2,,
שחזורים - 2017 מועד ב',סמן את המשפט הנכון על המולקולה H2O,האלקטרונגטיביות של האטום המרכזי גבוהה משל המימנים,האלקטרונגטיביות של האטום המרכזי נמוכה משל המימנים,האלקטרונגטיביות של האטום המרכזי זהה לזו של המימנים,לא ניתן לדעת,,,1,,
שחזורים - 2017 מועד ב',המולקולה הקודמת מסוגלת לבצע בעיקר:,קשרי מימן,קשרי פחמן,קשרים יוניים,קשרי ואן דר ואלס,,,1,,
שחזורים - 2017 מועד ב',במים נוזליים; מולקולת מים מסוגלת לבצע עד:,קשר מימן 1 עם מולקולת מים אחרת,2 קשרי מימן עם מולקולת מים אחרת,3 קשרי מימן עם מולקולת מים אחרת,4 קשרי מימן עם מולקולת מים אחרת,,,4,,
שחזורים - 2017 מועד ב',הקבוצה הבאה- OH- נקראת:,קבוצת פוספט,קבוצת מתיל,קבוצת דיסולפהידריל,קבוצת הידרוקסיל,,,4,,
שחזורים - 2017 מועד ב',מה נכון לגבי אננטיומרים?,מסה מולקולרית שונה ונקודת התכה שונה.,מסה מולקולרית שונה ונקודת התכה דומה.,מסה מולקולרית דומה ונקודת התכה דומה.,מסה מולקולרית דומה ונקודת התכה שונה.,,,3,,
שחזורים - 2017 מועד ב',המבנה השניוני של החלבון בנוי מ:,קשרי מימן,קשרי ואן דר ואלס,קשרים יוניים,קשרים קובלנטיים,,,1,,
שחזורים - 2017 מועד ב',אדהזיה היא:,קשרים קובלנטיים בין מולקולות דומות,קשרים לא קובלנטיים בין מולקולות דומות,קשרים קובלנטיים בין מולקולות שונות,קשרים לא קובלנטיים בין מולקולות שונות,,,4,,
שחזורים - 2017 מועד ב',מהי דוגמא לאנרגיה פוטנציאלית ללא אנרגיה קינטית?,צב זוחל בחיפוש אחרי מזון,מים נופלים במורד מפל,"פליטת אור ע""י גחליליות",עמילן,,,4,,
שחזורים - 2017 מועד ב',טיי סאקס היא מחלה בה נאגרים ליפידים בתאים; מה שגורם למחלות רבות ולבסוף למוות; איזו אורגנלה כנראה לא עובדת כראוי אצל החולים?,ER,גרעין,מיטוכונדירה,גולג'י,ליזוזום,,5,,
שחזורים - 2017 מועד ב',מה ההבדל בין צמחי C3 לצמחי C4?,בצמחי 3C נקודת הקומפנסציה גבוהה יותר.,בצמחי C4 נקודת הקומפנסציה גבוהה יותר.,בצמחי 4C קליטת הפחמן הדו חמצני מתחילה בריכוזים גבוהים יותר.,צמחי 3C עובדים טוב יותר בעוצמות גבוהות יותר של אור.,תשובות א+ג.,,1,,
שחזורים - 2017 מועד ב',מוטציה מסוימת פוגע בפולימריזציה של אקטין; אילו מהפעולות הבאות תימשך כרגיל?,ציטוקינזה,תנועת תא (כמו רדיפת נויטרופיל אחרי פתוגן),מעבר וזיקולה מהER לגולג'י,התכווצות שריר,,,3,,
שחזורים - 2017 מועד ב',מה מהבאים קורה בריאקציה הבאה:,C6H12O6 + O2 → H2O + CO2 + Energy,O2 מתחמצן; CO2 מתחזר,C6H12O6 מתחמצן; CO2 מתחזר,C6H12O6 מתחמצן; 2O מתחזר,H2O מתחזר; 2O מתחזר,,4,,
שחזורים - 2017 מועד ב',מה המשפט הנכון לגבי הקשר בין נשימה תאית לפוטוסינתזה?,בנשימה תאית מתרחש אותו תהליך ביוכימי כמו בפוטוסינתזה רק הפוך,פוטוסינתזה מתרחשת רק באיו-קריוטיים; בזמן שנשימה תאית מתרחשת באיו-קריוטיים ובפרוקריוטיים.,נשימה תאית מתרחשת רק אצל בעלי חיים; ופוטוסינתזה מתרחשת רק אצל צמחים.,פוטוסינתזה אוצרת אנרגיה במולקולה אורגנית ונשימה תאית משחררת אנרגיה האצורה במולקולה אורגנית,,,4,,
שחזורים - 2017 מועד ב',על מה מבוסס מעגל קלווין?,שימוש בNADPH לשחרור 2CO,הפיכת 2CO לסוכר פשוט,פליטה של 2O,קליטת קרני אור מהשמש,,,2,,
שחזורים - 2017 מועד ב',תא אשר עשיר בריבוזומים יהיה כנראה אחראי על הפקת כמות גדולה של:,חלבונים,ליפידים,סוכרים,חומצות גרעין,,,1,,
שחזורים - 2017 מועד ב',מה המשפט הנכון לגבי התמונה הבאה?,Pi ו-ADP משמשים כמקור אנרגטי להנעת תהליכים קטבוליים,ATP משמש כמתווך להעברת אנרגיה מהליך קטבולי לפעילות תאית,תהליכים קטבוליים משחררים ישירות אנרגיה לפעילות תאית.,ADP הינו מולקולה אורגנית עתירת אנרגיה.,,,2,,
שחזורים - 2017 מועד ב',מה מהבאים קיים בתאים פרוקריוטיים:,ממברנת גרעין,מיטוכונדריה,ER,ריבוזומים,,,4,,
שחזורים - 2017 מועד ב',איזה מיקרוסקופ יהיה הטוב ביותר כדי לבחון תנועה של תא?,מיקרוסקופ אור,SEM,TEM,כולם טובים באותה מידה,תשובות ב+ג,,1,,
שחזורים - 2017 מועד ב',מה מהבאים יגביר את פעילותו של PKA-cAMP?,מוטציה שמפחיתה ייצור של Phosphodiestase,"מוטציה שמגבירה הידרוליזה של GTP ע""י GPCR",מוטציה שמפחיתה כמות של Adenilyl Ciclase בתא,מוטציה שמפחיתה ייצור של ATP,,,1,,
שחזורים - 2017 מועד ב',מה לא מאפיין הורמונים כגון Aldosterone ו-Testosterone?,הידרופיליים,מסוגלים להשפיע על ביטוי דנא,יכולים לחדור את ממברנת התא,נקשרים לחלבון,,,1,,
שחזורים - 2017 מועד ב',מהו המצב האידיאלי מבחינת Tonicity של הסביבה עבור תא אנימלי (A) ועבור תא צמחי (P)?,P- Isotonic: A- Isotonic,P- Hypertonic: A- Isotonic,P- Hypotonic: A- Isotonic,P- Hypotonic: A- Hypertonic,,,3,,
שחזורים - 2017 מועד ב',מה נכון לגבי תא אפופטוטי?,מגביר פעילות Caspase.,מתפרק כדי לשפוך את תוכנו החוצה.,קיים רק אצל אנשים חולים.,שומרים על צורת הדנא לאורך כל התהליך.,,,1,,
שחזורים - 2017 מועד ב',"בתא מסוים קיימת משאבת H+ כדי לבצע כניסה של סוכרוז ע""י H+-Sucrose CoTransporter; מה יקרה עקב ירידה בכמות הATP באותו תא?",ירידה בpH בתא,הצטברות פרוטונים מחוץ לתא,עליה בכניסת הסוכרוז,לא יקרה כלום; כניסת הסוכרוז היא תהליך פסיבי,,,1,,
שחזורים - 2017 מועד ב',מה לא מאפיין את שלב הProphase במיטוזה?,דחיסת כרומוזומים,היעדר ממברנת הגרעין,סידור המיקרוטובולין במבנה Aster,תא עם תוכן של 4n,היעדר חיבור מיקרוטובולין לכרומוזומים,,2,,
שחזורים - 2017 מועד ב',מה קורה באנאפזה?,מעבר חומר ציטוזולי לתא הבת,אי דחיסת הכרומוזומים,שבירת Cohesins,שכפול הדנא,,,3,,
שחזורים - 2017 מועד ב',מתי יתרחש קרוסינג אובר בתא דיפלואידי?,ב Prophase II של המיוזה בין כרומטידות אחיות.,בProphase II של המיוזה בין כרומטידות לא אחיות של כרומוזומים הומולוגיים.,בProphase I של המיוזה בין כרומטידות לא אחיות של כרומוזומים הומולוגיים.,בMetaphase I של המיוזה בין כרומטידות לא אחיות של כרומוזומים הומולוגיים.,,,3,,
שחזורים - 2017 מועד ב',חוקרת בחנה את כמות הCDK והCyclin בתא; בהשוואה לכמות הדנא; מה סביר להניח שגילתה?,עלייה בכמות הCDK בתא ברגעים בהם כמות הדנא שווה ל4n.,עלייה בכמות הCyclin בתא ברגעים בהם כמות הדנא שווה ל4n.,עלייה בכמות הCDK בתא ברגעים בהם כמות הדנא שווה ל2n.,עלייה בכמות הCyclin בתא ברגעים בהם כמות הדנא שווה ל2n.,לא צפוי להיות שינוי באף אחד מהם בשום שלב.,,2,,
שחזורים - 2017 מועד ב',חוקרת שתלה תאים על פני מצע גידול. מה מהבאים יפסיק את התרבותם?,צפיפות,שחרור של Growth Factor,הורמון שיגרום לחיזוק אחיזתם במצע.,,,,1,,
שחזורים - 2017 מועד ב',מה היתה הסיבה שמנדל המשיך לצפות באפונים מעבר לדור 1F; גם לדור 2F?,על מנת לראות אם יציגו תכונה דומיננטית.,על מנת לראות אם יציגו תכונה רצסיבית.,על מנת לצבור עוצמה סטטיסטית גבוהה יותר.,,,,2,,
שחזורים - 2017 מועד ב',מה זה זן בר (Wild Type)?,הזן האלגנטי ביותר אשר מהווה מוסכמה מקובלת בעולם צרכני ואידיאלי.,הזן הנפוץ באוכלוסיה.,זן פגום בעל מוטנט.,זן נדיר ביותר.,,,2,,
שחזורים - 2017 מועד ב',בין גנים A וC הממוקמים על אותו כרומוזום יש את האחוז הגבוה ביותר של רקומבינציה. מה זה אומר לגביהם?,ל-A יש דחייה מגן B; ולכן הוא לא עושה איתו קומבינציה.,גן A נמצא בין B ל-C.,סדר הגנים הוא A-B-C.,A ו-C נמצאים על אותו תאחיזה.,,,3,,
שחזורים - 2017 מועד ב',לאדם יש שני סוגי גנים בתא אחיזה שונה: AaGg. מה ניתן למצוא בגמטה שלו?,AaGg,Aa,AG,AaG,,,3,,
שחזורים - 2017 מועד ב',על מה התבססו הרשי וצ'ייס כדי לבדוק את השערתם בנוגע לחומר המורש?,כמות החנקן בדנא גדולה יותר מאשר בחלבון.,בדנא יש אחוז גופרית גבוה.,הדנא פירמידיני והחלבון פוריני.,כמות הפוספט בדנא.,,,4,,
שחזורים - 2017 מועד ב',מה המשפט הלא נכון לגבי קודון AUG?,הוא מהווה Start Codon,הוא מקודד למתיונין,ניתן למצוא אותו ביותר ממקום אחד בmRNA,הוא מהווה Stop Codon,,,4,,
שחזורים - 2017 מועד ב',באיזו מולקולה קיים אנטי קודון?,tRNA,mRNA,DNA,ריבוזום,,,1,,
שחזורים - 2017 מועד ב',מה הכוונה באמירה שהדנא הוא חוזרני (Redundant)?,אותו קודון יכול לקודד לכמה חומצות אמיניות.,יש קודונים מיותרים.,חומצה אמינית יכולה להיות מקודדת מיותר מקודון אחד.,ישנן חומצות אמיניות לא יעילות שהדנא מורה על קידודן.,,,3,,
שחזורים - 2019 מועד א',מהן שלושת העל ממלכות (domain)?,"חיידקים, צמחים וחיות","בעלי חיים, צמחים, חיידקים ופונגי","חד תאיים, דו תאיים, רב תאיים","ארכיאה, בקטריה, אאוקריוטה",,,4,,
שחזורים - 2019 מועד א',תהליך הוויסות הנפוץ ביותר בעולם החי:,פידבק חיובי - התוצר מגביר את הגירוי שהביא ליצירתו,פידבק חיובי - התוצר מוריד את הגירוי שהוביל ליצירתו,פידבק שלילי - התוצר מוריד את הגירוי שהביא ליצירתו,פידבק שלילי- התוצר מגביר את הגירוי שהביא ליצירתו,,,3,,
שחזורים - 2019 מועד א',מה מאפיין קשר כימי פולרי?,האלקטרושליליות בין האטומים דומה,האלקטרושליליות בין האטומים שונה,אין קשר בין פולריות לאלקטרושליליות,,,,2,,
שחזורים - 2019 מועד א',איזה מהקשרים נותן את התכונות הייחודיות (properties emerging) של המים?,קשרי מימן,קשרי פחמן,קשרים יוניים,קשרים קוולנטיים,,,1,,
שחזורים - 2019 מועד א',מהי קוהזיה?,אינטראקציה קוולנטית בין מולקולות דומות,אינטראקציה לא קוולנטית בין מולקולות דומות,אינטראקציה קוולנטית בין מולקולות שונות,אינטראקציה לא קוולנטית בין מולקולות שונות,,,2,,
שחזורים - 2019 מועד א',איזה היגד הוא נכון?,אננטיומרים הם סוג של איזומרים בעלי נקודת רתיחה זהה,אננטיומרים הם סוג של איזומרים בעלי נקודת רתיחה שונה,איזומרים הם אננטיומרים בעלי נקודת רתיחה זהה,איזומרים הם אננטיומרים בעלי נקודת רתיחה שונה,,,1,,
שחזורים - 2019 מועד א',מה מרכיב מעל 50 אחוז מנפח התא היבש?,מונומרים,דימרים,פולימרים,אננטיומרים,,,3,,
שחזורים - 2019 מועד א',מה מתרחש בתהליך הקשירה בין 2 חמצות אמינו?,הידרוליזה תוך יצירת קשר מימן,הידרוליזה תוך יצירת קשר יוני,הידרוליזה תוך יצירת קשר אסטרי,דה-הידרציה תוך יצירת קשר קוולנטי,,,4,,
שחזורים - 2019 מועד א',אילו קשרים מאפיינים את מולקולות המים כנוזל?,קשרי מימן לזמן קצר יחסית,קשרי מימן לזמן ארוך יחסית,קשרי ו.ד.ו לזמן קצר יחסית,קשרי ו.ד.ו לזמן ארוך יחסית,,,1,,
שחזורים - 2019 מועד א',מה מהבאים נכון לגבי מולקולות מים ותכונת קיבול החום הסגולי שלהן?,בעלות חום סגולי נמוך ולכן יש להשקיע הרבה אנרגיה כדי לגרום לעלייה בטמפרטורה,בעלות חום סגולי נמוך ולכן יש להשקיע מעט אנרגיה כדי לגרום לעלייה בטמפרטורה,בעלות חום סגולי גבוה ולכן יש להשקיע הרבה אנרגיה כדי לגרום לעלייה בטמפרטורה,בעלות חום סגולי גבוה ולכן יש להשקיע מעט אנרגיה כדי לגרום לעלייה בטמפרטורה,,,3,,
שחזורים - 2019 מועד א',לאילו מהצמחים בתנאים ממוזגים (26-23 צלסיוס) תהיה עדיפות?,C3,C4,אלו בעלי נקודת הקומפנסציה הגבוהה יותר,תשובות א' ו-ג',תשובות ב' ו-ג',,1,,
שחזורים - 2019 מועד א',"קרן אור באורך 690nm פוגעת בכלרופלסט, מה יקרה?",נוצרים ATP ו-NADPH מפוטוסטיסטם 1 שמקבלת גלי אור עד 700nm,נוצר גרדיאנט פרוטונים קטן יותר,האלקטרונים יקלטו בפוטוסיסטם 2 ויהיה גרדיאנט פרוטונים,לא נקלטים אלקטרונים מאורך גל גבוה מ680nm במרכז הריאקציה,"תלוי בסוג הצמח, אם הצמח C3 או C4",,2,,
שחזורים - 2019 מועד א',מערכת שאינה נמצאת בשיווי משקל כימי (equilibrium):,לא יכולה לבצע עבודה,אין לה אנרגיה קינטית,צורכת אנרגיה במצב יציב,משחררת אנרגיה בכדי להגיע למצב יציב,,,4,,
שחזורים - 2019 מועד א',דוגמא לאנרגיה קינטית שאינה אנרגיה פוטנציאלית:,חיפושית הזוחלת לקראת אוכל,מולקולת גלוקוז,מים נופלים במפלי הניאגרה,אור הנפלט מגחלילית,,,1,,
שחזורים - 2019 מועד א',מה מהבאים לא מתרחש במעגל קלווין?,חמצון של NADPH,שחזור של RuBP,שחרור של חמצן,יצירה של ATP,,,3,,
שחזורים - 2019 מועד א',"המשוואה הנתונה: C6H12O6 + 6O2 --> 6CO2 + 6H2O + Energy, מה נכון לגביה?",O2 מחוזר ו-CO2 מחומצן,O2 מחומצן ו-H2O מחוזר,CO2 מחוזר ו-O2 מחומצן,C6H12O6 מחומצן ו-O2 מחוזר,,,4,,
שחזורים - 2019 מועד א',מי מהמשפטים הבאים מתאר את הקשר בין פוטוסינתזה לנשימה תאית?,לנשימה יש את אותו מסלול ביולוגי כמו של פוטוסינתזה רק הפוך,"פוטוסינתזה קיימת רק בצמחים, נשימה תאית קיימת רק בחיות","נשימה תאית זה תהליך אנאבולי, פוטוסינתזה זה תהליך קטבולי","נשימה תאית משתמשת באנרגיה שאצורה במולקולה אורגנית, בעוד פוטוסינתזה אוגרת 
אנרגיה במולקולה אורגנית.",,,4,,
שחזורים - 2019 מועד א',מה נכון לגבי תאים פרוקריוטים?,יש להם ריבוזומים,יש להם ממברנה,יש להם ER,יש להם דופן,"תשובות א, ב ו-ד",אף תשובה אינה נכונה,5,,
שחזורים - 2019 מועד א',מה הדבר הקטן ביותר שניתן לראות במיקרוסקופ אור רגיל?,מיטוכנודריה,מיקרוטובולי,ריבוזום,מיקרופילמנט,,,1,,
שחזורים - 2019 מועד א',איפה נוצרים חלבונים מלבד בריבוזומים חופשיים וריבוזומים אשר קשורים לER?,מיטוכונדריה,גולג'י,תווך בין תאי,פריאוקסיזום,,,1,,
שחזורים - 2019 מועד א',מה היתרון בשימוש בpolymerase taq ב pcr?,יכול להיקשר לפריימר,כמות קטנה מספיקה להשלמת מחזור שלם בpcr,עמיד בטמפ גבוהות,נקשר הכי טוב להיבריד פריימר בdna יחסית לפולימראזות אחרות,,,3,,
שחזורים - 2019 מועד א',"a יון, b מולקולה פולארית גדולה, c חומר הידרופובי, מה נכון לגביהם? (בהמשך המבחן
הוסיפו שיובהר כי מדובר במעבר פאסיבי)",a לא חודר את ממברנת התא אך חודר את הממברנה er,b חודר את ממברנת התא אבל לא את הer,c חודר את הממברנה אך לא את הer,c חודר את ממברנת התא וגם את הer,,,4,,
שחזורים - 2019 מועד א',"X-חומר הידרופילי שחודר לתא בפינוציטוזיס, Z -רצפטור חוצה ממברנה מיוצר בer וממוקם
על הליזוזום. Y -חלק משלד התא. איזה מפגש עשוי להתרחש:",מפגש בין X לבין החלק של Z שפונה לציטוזול,מפגש בין X לציטוזול,מפגש בין Y לחלק של Z שפונה לציטוזול,מפגש בין Y לחלק של Z שלא פונה לציטוזול,,,3,,
שחזורים - 2019 מועד א',"להשלים משפט: ___ היא דרך של התא להכניס חלקיק גדול (חיידק למשל) והיא ___
אנרגיה.","דיפוזיה, דורשת","פינוציטוזיס, דורשת","פאגוציטוזיס, לא דורשת","אנדוציטוזיס מתווכת קולטנים, דורשת","פאגוציטוזיס, דורשת",,5,,
שחזורים - 2019 מועד א',"אורגניזם חד תאי חי בסביבה קרה ורוצה למנוע פלואידיות יתר של הממברנה שלו כאשר
הוא עובר לסביבה חמה יותר, המנגנון שישתמש בו:",חומצות שומן ארוכות יותר,הגברת קשרים כפולים בחומצות השומן שבפוספוליפידים,היעדר כולסטרול בממברנה,"הוספת מטען ל""ראשים"" ההידרופיליים",,,1,,
שחזורים - 2019 מועד א',מהי אוסמוזה?,מעבר של מומסים נגד מפל הריכוזים,מעבר של מומסים בכיוון מפל הריכוזים,מעבר של מים המושפע מריכוז המומסים,,,,3,,
שחזורים - 2019 מועד א',מה מאפיין את הפעולה של ה pump+ K+\Na?,האפיניות )זיקה( ליוני Na + הינה גבוהה ביותר לאחר זרחון המשאבה,האפיניות ליוני K +היא גבוהה יותר לאחר זרחון המשאבה,המשאבה מעבירה את אותה כמות של יונים לשני צידיי הממברנה,"שחרור יוני Na +למרחב החוץ תאי מתרחש בעקבות הריכוז הנמוך יותר של יום במרחב 
זה )ביחס לפנים התא(",,,2,,
שחזורים - 2019 מועד א',"חוקרת טיפלה בתא בחומר YY. בדקה את ההשפעה על מסלול העברת אותות מתווך חלבון
g ואדנלין ציקלאז. נרשמה הגברת תהליך העברת אותות בתא. למה גרם החומר?",מניעת הפיכת cAMP ל AMP,מניעת הפיכת AMP לATP,מניעת הפיכת GDP לGTP,הגברת הידרוליזה של GTP לGDP,מניעת הפעילות של A Kinase Protein,,1,,
שחזורים - 2019 מועד א',"מתי מתרחש שינוי ברצף של הכרומוזומים? (למשל שינוי בכרומוזום מספר 10 שמקורו
מהאמא)",אנאפאזה במיוזה בלבד,פרופאזה 1 ו2 במיוזה,מטאפזה 1 במיוזה בלבד,פרופאזה 1 במיוזה בלבד,מטאפאזה במיוזה ומיטוזה,,4,,
שחזורים - 2019 מועד א',מי מהחלבונים הבאים יהיה מעורב במעבר דרך נקודת הpoint Check S/G1?,חלבון הבודק חיבור של כרומוזומים למיקרטובולי,חלבון המוודא שכפול צנטרוזומים,"חלבון שפעילותו מושפעת מחוסר דיוק בשכפול הדנ""א",חלבון שמגיב לקישור פקטור גידול אל הקולטן שלו,חלבון שמפרק את ממבראנת הגרעין,,4,,
שחזורים - 2019 מועד א',מה מאפיין חלבוני ציקלין?,הם kinases,הם phosphatases,רמת הביטוי שלהם זהה לאורך כל מחזור התא,הם מפרקים חלבוני CDK,הם משנים את הקונפורמציה של חלבוני CDK,,5,,
שחזורים - 2019 מועד א',מיהו הסובסטרט של האנזים C phospholipase?,הפוספוליפיד PIP2,IP3,חלבון G,GTP,הקולטן המצומד לחלבון G( GPCR),,1,,
שחזורים - 2019 מועד א',מה לא מאפיין אפופטוזיס?,מוות תאי,שפיכת תוכן הציטוזול לחלל הבין תאי,חלבונים יעודיים אשר חותכים חלבונים אחרים,תהליך עוברי תקין,,,2,,
שחזורים - 2019 מועד א',"למה הצאצאים בדור F1 בניסוי של מנדל, היו רק סגולים ולא לבנים, או ערבוב?",כי זה הוא האלל הדומיננטי,בגלל תופעת האפוסמוסיס,,,,,1,,
שחזורים - 2019 מועד א',מה יש בתאים פרוקריוטיים שאין באאוקריוטיים?,אלונגציה בתרגום,צימוד בין שיעתוק לתרגום,שיחבור אחרי שיעתוק,שיכפול לא רציף של אחד הגדילים,,,2,,
שחזורים - 2019 מועד א',אילו מהמקרים הבאים זה דוגמה להורשה שתלוייה בכמה גנים (phylogenetic inheritance),צבע אפון )צהוב או ירוק(,אנמיה חרמשית,סוג דם בבני אדם,צבע עור,,,4,,
שחזורים - 2019 מועד א',"הארכה של גדילי דנ""א היא תמיד מכיוון 5 'ל-3. הסיבה לכך היא: _____","רק רנ""א פולימרז יודע להוסיף נוקלאוטידים ל-5'","דנ""א פולימרז חייב להשתמש בפריימר של רנ""א",מזלג החלוקה לא אותו הדבר עם סכין החלוקה?)משהו הזוי כזה...(,"דנ""א פולימרז יודע להוסיף נוקלאוטידים ל-3'",,,4,,
שחזורים - 2019 מועד א',"בניסוי הזבובים של תומאס ה. מורגן, כשהכליא את הזבובים בעלי העיניים האדומות ב-F1
זה לזו, התקבלו גם זבובי F2 בעלי עיניים אדומות וגם בעלי עיניים לבנות. תוצאות הניסוי
הראו שכל הזבובים בעליעיניים לבנות היו זכרים. מה היה ההסבר שהציע לכך?",הגן המעורב נמצא על כרומוזום X,הגן המעורב נמצא על כרומוזום Y,זכרים מפרישים הורמונים זכריים שמשפיעים על שינוי צבע העין,"הגן המוערב נמצא על אוטוזום)כרומוזום שאינו כ. מין(, אבל רק בנקבות",,,1,,
שחזורים - 2019 מועד א',שאלו מה נכון לגבי tRNA שמגיע לריבוזום כשהוא טעון בחומצה אמינית,הוא מגיע קודם כל לA,מגיע לP ואז לA,,,,,1,,
שחזורים - 2019 מועד א',מה גילו בניסוי המפורסם של מתיו מסלסון ופרנקלין שטאל?,ביצעו ניסוי בו גילו כי שכפול דנא מתבצע בשיטה הסמי קונסרביטיבית,היו קונסרבטיבים שלא המשיכו בניסוי עקב שמרנותם,גילו שהדנא דיספרסיבי,,,,1,,
שחזורים - 2019 מועד א',מהו פרומוטור?,רצף נוקלאוטידים שמקדם שכפול דנא,מדען בעל ידע רב שמפיץ את הידע הביולוגי,רצף קצר של דנא שמוביל לשכפול דנא בעזרת דנא פולימראז,רצף נוקלאוטידים אליו מתחבר רנא פולימראז,,,4,,
שחזורים - 2019 מועד א',סמנו את הסעיף הנכון בנוגע לתכונה דומיננטית:,מועדפת יותר על בני הזוג,מאפשרת שינויים אבולוציוניים מהירים יותר,עדיפה עקב הימצאות יותר נוקלאוטידים g-c שיוצרים קשרים חזקים יותר,אף תשובה אינה נכונה,,,4,,
שחזורים - 2019 מועד א',מה לא נכון בנוגע לקודון AUG?,משמש כcodon start,מקודד לחומצה האמינית מתיונין,יכול להופיע מספר פעמים ברצף הגני,משמש כcodon stop,,,4,,
שחזורים - 2018 מועד א',איך יודעים שהמקור של כל הצאצאים הוא מאב קדום משותף?,מבנה כלורופלסטים,מבנה גרעין,ריסים,לכולם יש DNA שמורכב מאותו קוד גנטי,,,3,,
שחזורים - 2018 מועד א',מה מאפיין כל היפותזה מדעית טובה,ניתן לבחון אותה,ניתן להפריכה,ניתן לענות עליה תשובה מספרית,ניסוי הבוחן אותה מוביל בהכרח לתוצאות שניתן לחזור עליהן,,,,,
שחזורים - 2018 מועד א',אילו יסודות מרכיבים 96% מהיצורים החיים,נתרן חנקן פחמן ומימן,פחמן מימן חמצן וחנקן,,,,,2,כימיה של החיים,
שחזורים - 2018 מועד א',מהם הקשרים החשובים ביותר לתכונות הייחודיות של המים,קשרי מימן,קשרי ואן דר ואלס,קשרים יונים,קשרי פחמן,,,1,כימיה של החיים,
שחזורים - 2018 מועד א',התהליך אשר מתקיים בין שתי חומצות אמינו ליצירת קשר פפטידי הוא:,הידרוליזה לצורך יצירת קשר קוולנטי,הידרוליזה לצורך יצירת קשר יוני,הידרוליזה לצורך ישירת קשר אסטרי,דהידרציה לצורך יצירת קשר קוולנטי,,,4,כימיה של החיים,
שחזורים - 2018 מועד א',מה היא קוהזיה?,אינטרקציה בין מולקולות דומות שהקשר ביניהן לא קוולנטי.,איטרקציה בין מולקולות דומות שהקשר ביניהן הוא קוולנטי.,אינטרקציה בין מולקוחות שונות שהקשר ביניהן לא קוונלטי.,אינטרקציה בין מולקולות שונות שהקשר ביניהן קוולנטי.,,,1,כימיה של החיים,
שחזורים - 2018 מועד א',מולקולת מים יכול ליצור,עד 4 קשרי מימן עם מולקולות מים אחרות,עד 3 קשרי מימן עם מולקולות מים אחרות,עד 4 קשרים קוולנטים עם מולקולות מים אחרות,עד 3 קשרים קוולנטים עם מולקולות מים אחרות,,,1,כימיה של החיים,
שחזורים - 2018 מועד א',מולקולות מים הן:,בעלות חום סגולי גבוה ולכן בטמפרטורות נמוכות יחסית תיהיה עליה גדולה בטמפרטורה,בעלות חום סגולי גבוה ולכן בטמפרטורות נמוכות יחסית תיהיה עליה קטנה בטמפרטורה,בעלות חום סגולי נמוך ולכן בטמפרטורות גבוהות יחסית תיהיה עליה גדולה בטמפרטורה,בעלות חום סגולי נמוך ולכן בטמפרטורות גבוהות יחסית תיהיה עליה נמוכה בטמפרטורה,,,2,כימיה של החיים,
שחזורים - 2018 מועד א',מה מהווה 50% מהתא החי היבש?,חלבונים,פחמימות,שומנים,חומצות גרעין,,,1,כימיה של החיים,
שחזורים - 2018 מועד א',גליקוגן הוא פולימר של:,חומצות אמינו,חומצות שומן,חומצות גופרית,סוכרים,,,4,כימיה של החיים,
שחזורים - 2018 מועד א',מה מייצג אנרגיה פוטנציאלית ולא אנרגיה קינטית?,צב זוחל,אנזים הקסוקינאז,מפל מים,אור של גחלילית,,,2,כימיה של החיים,
שחזורים - 2018 מועד א',מה ניתן לומר על צמחי C3 לעומת צמחי C4?,נק' הקומפנסציה שלהן שווה,נק' הקומפנסציה של C3 גבוהה מ-C4,נק' הקומפנסציה של C4 גבוהה מ-C3,צמחי C4 יתחילו לקבע CO2 בריכוזים יותר גבוהים של CO2,צמחי C3 צורכים יותר אנרגיה לקיבוע ה-CO2 מאשר צמחי C4 כי אין להם אנזים PEP,תשובות ב'+ד',3,כימיה של החיים,
שחזורים - 2018 מועד א',מהי הטכניקה הרצויה לצפייה בכרומוזמים בתנועה?,מיקרוסקופ אור,מיקרוסקופ אלקטרוני SEM,מיקרוסקופ אלקטרוני TEM,א-ג נכונים,אף תשוב לא נכונה,,1,,
שחזורים - 2018 מועד א',מה נמצא בתאים פרוקריוטים?,ריבוזומים,כלורופלסט,מיטוכונדירה,ER,כלורופלסט רק בתאים ציאובקטריים שמבצעים פוטוסינטזה,,1,ביולוגיה של התא,
שחזורים - 2018 מועד א',תא שיש בו הרבה ריבוזומים מתמחה בייצור:,חלבונים,סוכרים,ליפידים,חומצות גרעין,,,1,ביולוגיה של התא,
שחזורים - 2018 מועד א',Cytochalasin Dהוא אנזים שפוגע ביצור סיבי אקטין. מה מהבאים עדיין יוכל להתרחש אם מישהו יטופל בתרופה זו?,ציטוקינזה,רדיפת נויטרופיל אחרי חיידק,מעבר של וזיקולה מה- ER לגולג'י,תנועת כיווץ שרירים.,,,,,
שחזורים - 2018 מועד א',מה מגביל את גודל התא,מספר החלבונים בממברנת התא,יחס גודל המיטוכונדריה- לגודל התא,יחס שטח פנים לנפח,כמות הקשרים בין הציטוסקלטון לממבראנה,,,2,ביולוגיה של התא,
שחזורים - 2018 מועד א',מה נבדק בM CHECKPOINT במיטוזה?,המצאות סיגנאל מ growth factor,כמות נוטריינטים,שלמות הDNA המשוכפל,דיוק הDNA המשוכפל,חיבור הכרומטידות האחיות אל ה kinetochore microtubules,,5,ביולוגיה של התא,
שחזורים - 2018 מועד א',מה יתרום לפלואידיות של הממבראנה של תא אם יועבר לסביבה בה הטמפ' נמוכה?,הפחתת קשרים כפולים בחומצות שומן שמרכיבות את הממבראנה,הגדלת ריכוז הכולסטרול בממבראנה,הוספת קבוצות טעונות לראשים של הפוספוליפידים,הגדלת אורך חומצות השומן-שיהיו יותר ארוכות,,,,ביולוגיה של התא,
שחזורים - 2018 מועד א',.מה ההבדל בין ERM לPM,PM דו שכבתית וERM לא,הוזיקולות נעשות רק בPM,הרכב החלבונים שמרכיב אותם,לPM יש תנועהXX ולERM אין תנועה כזו,,,,,
שחזורים - 2018 מועד א',למה בניסיו של מנדל דור הF1 תמיד הציג את אחד משני הפנוטיפים שהראה אחד מההורים ?,הגנים לא עברו אינטראקציה,לכל אחד מהאללים היתה השפעה פנוטיפית,אלל אחד היה דומיננטי,הגנים התערבבו בזמן ההפריה,,,3,גנטיקה,
שחזורים - 2018 מועד א',איזה תהליך קורה בפרוקריוטים ולא באוקריוטים,טלפורטציה,שחבור,צמוד בין שעתוק לתרגום,,,,,,
שחזורים - 2018 מועד א',מה מסביר את התופעה של מחלות מרובות גברים בלבד?,הורמונים נשיים מפצים על פגמים אפשריים,יש להם כרומוזום X אחד,,,,,2,גנטיקה,
שחזורים - 2018 מועד א',איזה מההבאות מבטאת פוליגניות,צבע עור,מורפולוגיה של אפונים (אפון מקומט או אפון עגול),2 צבעים בפרח,בעלי סוג דם ABO,,,1,גנטיקה,
שחזורים - 2018 מועד א',בניסוי הזבובים של מורגן התקבלו צאצאים בדור F1 עם עיניים אדומות ורק לזכרים עיניים לבנות. מה אפשר ללמוד מכן?,הגן מקושר לכרומוזום Y,הגן הינו אוטוטרופי,הגן מצומד לכרומוזום X,הגן הינו גן דומיננטי אבל משפיע רק על זכרים,,,,גנטיקה,
שחזורים - 2018 מועד א',אלל דומיננטי הוא,נפוץ בקרב האוכלוסיה,מזרז את האבולוציה,"בנוי אחרת, מכיל יותר נואקלאוטידים של c ו g ולכן יותר חזק",אף אחת מהתשובות,,,,גנטיקה,
שחזורים - 2018 מועד א',tRNA שמגיע לריבוזום כשאליו קשורה חומצת אמינו,נכנס לa,עובר מp לe,"tRNA בכלל לא מגיע עם חומצת אמינו קשורה, הוא קושר אותה במפגש עם mRNA",הוא מתפרק לבסיסיו על מנת שלא יפריע לפעולה ויתקע אותה,,,,ביולוגיה של התא,
